customer_id,first_name,last_name,email,phone,address,city,state
1,Edhitha,Atwal,zayyan43@example.com,234852317,"96/24
Narayan Nagar, Ranchi 232760",Narayan Nagar,Jharkhand
2,Hitesh,Vasa,rattanhemal@example.net,4178362646,"H.No. 553
Borde Circle, Thanjavur 399002",Borde Circle,Tamil Nadu
3,Varenya,Tara,hardik17@example.net,91 9000000001,"92, Chadha Ganj, Meerut-721877",Meerut,Uttar Pradesh
4,Sneha,Puri,iminhas@example.com,3653261528,"39/74, Khatri Nagar
Nagercoil-044423",Nagercoil,Tamil Nadu
5,Darpan,Krish,rachit96@example.org,91 9000000002,"93/69, Gill Chowk
Satna 759345",Gill Chowk,Madhya Pradesh
6,Orinder,Sen,amrita64@example.org,369554169,"H.No. 16, Hayre
New Delhi-485634",New Delhi,Delhi
7,Mohammed,Jaggi,wmukhopadhyay@example.com,91 9000000003,"26/841
Konda Circle, Ramagundam-753087",Ramagundam,Telangana
8,Om,Peri,quincyrattan@example.org,5272446396,"54, Boase Road, Kavali-740404",Kavali,Andhra Pradesh
9,Nandini,Sengupta,ekantikagoswami@example.net,1503024423,"47/15
Wable Street
Nellore-000214",Nellore,Andhra Pradesh
10,Jagat,Walia,unazareth@example.org,91 9000000004,"890, Basak Nagar, Bettiah-799605",Bettiah,Bihar
11,Harini,Bhargava,madansamuel@example.net,91 9000000005,"H.No. 26, Grover Road, Unnao 674842",Grover Road,Uttar Pradesh
12,Falan,Mannan,sbava@example.net,1159535332,"43/302
Krishna Marg
Cuttack 295586",Krishna Marg,Odisha
13,Chasmum,Kothari,yoshita21@example.org,6589449784,"75/554, Behl Street, Morena-071254",Morena,Madhya Pradesh
14,Vyanjana,Goswami,harshilbhavsar@example.net,9356733656,"H.No. 66
Nath
Secunderabad 415822",Nath,Telangana
15,Abha,Gera,chadhemal@example.org,91 9000000006,"63/192
Bath Nagar
Tenali 277761",Bath Nagar,Andhra Pradesh
16,Vedant,Vyas,abhirambains@example.org,91 9000000007,"H.No. 784
Sane Marg, Uluberia-448360",Uluberia,West Bengal
17,Nitesh,Hari,khoslameghana@example.com,9975616675,"H.No. 61
Bhat Nagar, Gudivada-308505",Gudivada,Andhra Pradesh
18,Raagini,Dhar,umanne@example.org,4022627329,"31/070, Naik Nagar
Dharmavaram 197398",Naik Nagar,Andhra Pradesh
19,Kashvi,Narain,samarth96@example.com,9032559583,"13/061
Dhaliwal Road
Nagercoil 284298",Dhaliwal Road,Tamil Nadu
20,Krishna,Chandra,damyantisarna@example.net,91 9000000008,"77/65, Sridhar Path, Danapur 764245",Sridhar Path,Bihar
21,Hemangini,D’Alia,ria87@example.org,91 9000000009,"H.No. 974, Mani Nagar
Kulti-159228",Kulti,West Bengal
22,Devika,Oza,virajwalla@example.org,6769282811,"H.No. 164
Bhatt Chowk
Ahmednagar 585360",Bhatt Chowk,Maharashtra
23,Ronith,Nadkarni,amblechampak@example.com,9696817481,"36, Ramachandran Nagar, Solapur 963363",Ramachandran Nagar,Maharashtra
24,Eesha,Soni,ryan96@example.com,91 9000000010,"031
Sehgal Path, Srikakulam 004640",Sehgal Path,Andhra Pradesh
25,Sanya,Grover,kashish45@example.net,6640245508,"H.No. 58, Keer Road
Kollam-697817",Kollam,Kerala
26,Ethan,Ray,sanyataneja@example.com,1043260783,"H.No. 60
Chaudhari Marg
Jorhat 007358",Chaudhari Marg,Assam
27,Anay,Bajaj,bahadurjit92@example.org,91 9000000011,"H.No. 61
Varty Zila
Srikakulam-922364",Srikakulam,Andhra Pradesh
28,Banjeet,Kota,murthylavanya@example.net,4201896033,"78/452
Bawa Marg, Katni 173710",Bawa Marg,Madhya Pradesh
29,Lila,Bajwa,ladomya@example.com,91 9000000012,"258, Srinivasan Street, Guna 202177",Srinivasan Street,Madhya Pradesh
30,Unni,Basu,ikshita67@example.org,91 9000000013,"H.No. 130, Khare, Dibrugarh 466692",Khare,Assam
31,Vansha,Munshi,nchaudhary@example.org,7761823955,"H.No. 68, Borde Path
Jabalpur-689970",Jabalpur,Madhya Pradesh
32,Baljiwan,Ramakrishnan,rushilmann@example.net,9799870469,"57
Anne Marg
Aurangabad-238132",Aurangabad,Maharashtra
33,Chaitaly,Dey,ekta61@example.net,7385840404,"262, Shukla Chowk, New Delhi 496736",Shukla Chowk,Delhi
34,Nidhi,Hegde,adugar@example.com,3093004298,"69
Kalla Road
Malda-385372",Malda,West Bengal
35,Gaurika,Bhasin,chandran83@example.org,91 9000000014,"27/45
Setty Circle
Hospet-880605",Hospet,Karnataka
36,Wridesh,Tara,agarwalvaishnavi@example.com,4837401443,"25/49, Vaidya Zila, Karaikudi 824697",Vaidya Zila,Tamil Nadu
37,Anusha,Kade,meghavyas@example.net,8772662060,"H.No. 981, Palla Road, Sultan Pur Majra-321155",Sultan Pur Majra,Delhi
38,Ojas,Shroff,tarak83@example.net,3384617940,"94, Johal Road, Jamshedpur 071687",Johal Road,Jharkhand
39,Viraj,Boase,xbava@example.com,6480194054,"985
Vohra Zila, Nangloi Jat 923057",Vohra Zila,Delhi
40,Nakul,Keer,rdevi@example.net,91 9000000015,"500, Mahajan Road, Dhule-463423",Dhule,Maharashtra
41,Mohini,Khare,aadisane@example.net,6424635409,"H.No. 072
Mistry Nagar
Shivpuri-529503",Shivpuri,Madhya Pradesh
42,Frederick,Bajwa,janujasule@example.org,2426697359,"H.No. 59, Kanda Chowk, Satna-157918",Satna,Madhya Pradesh
43,Ishani,Madan,prabhuyochana@example.net,6831033178,"H.No. 11, Lalla Street
Rewa-079901",Rewa,Madhya Pradesh
44,Aarav,Mandal,keerria@example.com,5402578126,"H.No. 479
Bali Zila
Vadodara 503825",Bali Zila,Gujarat
45,Janaki,Choudhury,uaggarwal@example.net,91 9000000016,"H.No. 611, Chaudhari Path, Vijayawada-235189",Vijayawada,Andhra Pradesh
46,Mahika,Nori,liamsabharwal@example.com,8640142117,"46, Maharaj Nagar
Rewa 613987",Maharaj Nagar,Madhya Pradesh
47,Libni,Samra,xalakdass@example.com,91 9000000017,"H.No. 84
Sunder Road
Dehri 087786",Sunder Road,Bihar
48,Victor,Grewal,wyattchad@example.net,2357349477,"45/268, Soman Zila
Raurkela Industrial Township 128057",Soman Zila,Odisha
49,Rajeshri,Jaggi,bishakhabadami@example.net,91 9000000018,"H.No. 71
Ramesh Circle, Muzaffarpur 100407",Ramesh Circle,Bihar
50,Chakradhar,Zacharia,ishanayak@example.org,6754428754,"39, Yogi Path, Anantapur-332807",Anantapur,Andhra Pradesh
51,Falak,Mane,inayahegde@example.org,91 9000000019,"656, Dar Circle, Kavali-439794",Kavali,Andhra Pradesh
52,Omkaar,Thaman,nilimaatwal@example.com,91 9000000020,"90/44, Sethi Ganj, Surat-275230",Surat,Gujarat
53,Om,Brar,shereurvashi@example.org,372439851,"15/631
Gupta Road
Kalyan-Dombivli-509817",Dombivli,Maharashtra
54,Rachit,Prashad,bailgaurav@example.org,7166542565,"76/23
Deol Street, Ambarnath-920238",Ambarnath,Maharashtra
55,Sara,Sodhi,daksheshbala@example.org,3347431044,"54
Ganesh Marg, Patiala 654957",Ganesh Marg,Punjab
56,Ekta,Chowdhury,omkaar89@example.org,3090611765,"40/09
Loke Zila, Amritsar-732110",Amritsar,Punjab
57,Oviya,Gara,prajagopal@example.org,5616789985,"34/41, Vala Zila, Panvel-467196",Panvel,Maharashtra
58,Henry,Mitra,xsekhon@example.net,6489919624,"04/912
Mannan Marg, Vijayanagaram-088028",Vijayanagaram,Andhra Pradesh
59,Yahvi,Sen,upadhritikala@example.net,91 9000000021,"48
Narula Path, Dhanbad-978633",Dhanbad,Jharkhand
60,Michael,Sandal,samesh97@example.com,3520131942,"75/234
Sahota Marg
Junagadh 687187",Sahota Marg,Gujarat
61,Shivani,Khalsa,gmody@example.net,1820305641,"44
Varma Ganj
Barasat 525540",Varma Ganj,West Bengal
62,Rayaan,Talwar,yashodhara13@example.com,1078740629,"H.No. 808
Swaminathan Street
Guna 673027",Swaminathan Street,Madhya Pradesh
63,Zaitra,Dutt,pranitmore@example.org,8136367733,"H.No. 72
Bal Circle, Berhampore-375486",Berhampore,West Bengal
64,Lakshit,Bakshi,voraanya@example.net,91 9000000022,"88/151
Gour Nagar
Bahraich 677845",Gour Nagar,Uttar Pradesh
65,Lucky,Chokshi,watika21@example.com,6010923093,"24, Bhat Marg
Mahbubnagar 803610",Bhat Marg,Telangana
66,Damini,Uppal,etella@example.net,91 9000000023,"H.No. 38, Dasgupta Chowk, Thiruvananthapuram 343400",Dasgupta Chowk,Kerala
67,Ekavir,Dar,naveen88@example.org,91 9000000024,"20, Deo Zila, Ballia 914404",Deo Zila,Uttar Pradesh
68,Aashi,Goyal,jason97@example.org,91 9000000025,"H.No. 98
Palan Path, Berhampur 397423",Palan Path,Odisha
69,Gagan,Kant,janya25@example.com,623695392,"H.No. 341, Roy Path
Akola-622670",Akola,Maharashtra
70,Vidhi,Batra,idikapillay@example.com,3196466688,"H.No. 792, Dhawan Ganj
Silchar-989509",Silchar,Assam
71,Ekavir,Chanda,reddylila@example.net,91 9000000026,"438
Pant Marg, Raurkela Industrial Township-623726",Raurkela Industrial Township,Odisha
72,Onkar,Chana,kaipathak@example.org,91 9000000027,"65, Memon Road, Sasaram-869987",Sasaram,Bihar
73,Devansh,Sem,gangarastogi@example.org,91 9000000028,"89/43, Sant Chowk
Thane-504055",Thane,Maharashtra
74,Adweta,Khanna,ishwar72@example.org,91 9000000029,"73, Nazareth Chowk
Ozhukarai-595732",Ozhukarai,Puducherry
75,Kamala,Vala,nakshchoudhry@example.com,7848672614,"90, Sengupta Zila
Shahjahanpur 994267",Sengupta Zila,Uttar Pradesh
76,Elijah,Bhandari,gangulyurvashi@example.org,91 9000000030,"50/615, Anne Marg
Bihar Sharif 210026",Anne Marg,Bihar
77,Mohini,Dube,ndubey@example.net,7236180575,"519
Sridhar Road, Amritsar-927384",Amritsar,Punjab
78,Brinda,Nadkarni,harrisonmenon@example.net,1580524537,"83/40, Mandal Road, Bharatpur-578206",Bharatpur,Rajasthan
79,Charles,Naidu,chaayakarpe@example.org,2083668911,"09/33
Rau Zila
Phusro-994172",Phusro,Jharkhand
80,Shivani,Borra,shereatharv@example.net,7867078804,"H.No. 562, Thaman, Tadipatri 456660",Thaman,Andhra Pradesh
81,Odika,Menon,ayushmansoman@example.com,91 9000000031,"768
Parmer Marg, Tinsukia 322159",Parmer Marg,Assam
82,Karan,Barman,nirja69@example.com,6482734363,"05/884
Babu
Katni 400807",Babu,Madhya Pradesh
83,Upadhriti,Anand,kotaakshay@example.org,4029681329,"78, Bose Marg, Korba 093114",Bose Marg,Chhattisgarh
84,Zarna,Kunda,udixit@example.com,91 9000000032,"H.No. 629
Kamdar Ganj, Ludhiana 025163",Kamdar Ganj,Punjab
85,Widisha,Raja,oscarchoudhary@example.net,91 9000000033,"211
Oommen Chowk, Guntur 104214",Oommen Chowk,Andhra Pradesh
86,Megha,Tank,ekata@example.com,91 9000000034,"07/92, Gulati Marg
Amroha-551610",Amroha,Uttar Pradesh
87,Hemal,Rege,sahotahema@example.com,5504255253,"89/54
Nayak Road, Bhatpara 248475",Nayak Road,West Bengal
88,Maanav,Dey,ansh97@example.org,2068204523,"99
Tata Ganj
Kirari Suleman Nagar-360250",Kirari Suleman Nagar,Delhi
89,Lakshmi,Sharaf,chhabrafiyaz@example.org,8727404354,"18/21, Maharaj Ganj
Bharatpur-743969",Bharatpur,Rajasthan
90,Sneha,Bhargava,urishillanazareth@example.com,5949668536,"42/46, Patel Marg, Deoghar-881530",Deoghar,Jharkhand
91,Ekiya,Ram,leenadeep@example.net,6079715811,"508
Dara Path, Uluberia-895585",Uluberia,West Bengal
92,Priya,Datta,meghanabali@example.com,91 9000000035,"H.No. 75, Sathe
Raurkela Industrial Township-808471",Raurkela Industrial Township,Odisha
93,Dayita,Chaudhuri,sraja@example.org,6432757466,"H.No. 245
Babu Circle, Visakhapatnam-772919",Visakhapatnam,Andhra Pradesh
94,Tanay,Chaudhary,vgaba@example.com,91 9000000036,"37
Arora Chowk, Karimnagar-441354",Karimnagar,Telangana
95,Vamakshi,Yogi,tripti75@example.org,5471314969,"642, Andra Chowk, Khammam-162540",Khammam,Telangana
96,Amaira,Krishnan,kamyadua@example.com,91 9000000037,"49/13, Acharya
Nanded-056263",Nanded,Maharashtra
97,Libni,Bal,lbal@example.com,91 9000000038,"02/962
Morar Nagar
Vasai-Virar-053597",Virar,Maharashtra
98,Daksh,Thaker,peterpatla@example.org,91 9000000039,"31, Raghavan Ganj, Bhagalpur 887195",Raghavan Ganj,Bihar
99,Wriddhish,Verma,lalyash@example.net,8120653800,"05/038, Lanka Circle
Gandhinagar-427970",Gandhinagar,Gujarat
100,Tanmayi,Pillai,alexanderchaudhry@example.com,91 9000000040,"06/585, Korpal Street, Malda-004229",Malda,West Bengal
101,Januja,Kohli,ranbir21@example.com,7096693467,"86/94
Prashad, Jaipur-448250",Jaipur,Rajasthan
102,Jairaj,Dara,zayyan48@example.com,5223691656,"269
Thakkar Road, Saharanpur-612864",Saharanpur,Uttar Pradesh
103,Advika,Sur,ksrivastava@example.com,350611459,"H.No. 064
Chaudry
Tirunelveli 810794",Chaudry,Tamil Nadu
104,Unni,Kunda,koshyishita@example.net,91 9000000041,"H.No. 373
Khatri Zila
Mahbubnagar-151596",Mahbubnagar,Telangana
105,Jagdish,Kapoor,bnayak@example.com,7419023478,"23/85
Roy Path
Sasaram 945605",Roy Path,Bihar
106,Ranbir,Bail,vihaanramesh@example.com,5933324138,"80/366
Chanda Zila
Udaipur 250884",Chanda Zila,Rajasthan
107,Jeremiah,Natt,vargheseharini@example.net,91 9000000042,"62, Pillai Circle
Pallavaram-261093",Pallavaram,Tamil Nadu
108,Tanveer,Varty,kumaraishani@example.net,7319195397,"98
Chander Street
Khandwa-588196",Khandwa,Madhya Pradesh
109,Gaurang,Chauhan,nadkarnibrinda@example.com,91 9000000043,"H.No. 53
Dhar Ganj
Bettiah-215862",Bettiah,Bihar
110,Hritik,Kashyap,rchar@example.net,91 9000000044,"34/33
Gola Street
Katni-145424",Katni,Madhya Pradesh
111,Kevin,Bahl,senchasmum@example.net,294496284,"89
Ganguly Circle
Sasaram 370122",Ganguly Circle,Bihar
112,Vasudha,Patel,dharyashodhara@example.org,2771408526,"34, Boase Marg, Chennai-118595",Chennai,Tamil Nadu
113,Bahadurjit,Edwin,aagrawal@example.net,91 9000000045,"61/60
Kuruvilla Street
Chennai-074838",Chennai,Tamil Nadu
114,Vedant,Grover,harshiloommen@example.org,8577795707,"41, Khalsa Chowk
Bhilai 300944",Khalsa Chowk,Chhattisgarh
115,Nirja,Vasa,srivastavaikbal@example.com,3920913794,"27
Devan Road, Bhiwani-140154",Bhiwani,Haryana
116,Ekapad,Sathe,mandalkala@example.org,4569119777,"28/372, Warrior Street
Mehsana 643190",Warrior Street,Gujarat
117,Gagan,Apte,sureshnakul@example.org,6060916621,"82, Iyer Chowk, Chandrapur-331006",Chandrapur,Maharashtra
118,Yochana,Grewal,yochana15@example.org,91 9000000046,"H.No. 228
Tailor Nagar
Bhimavaram 052332",Tailor Nagar,Andhra Pradesh
119,Zehaan,Kanda,qganesan@example.org,91 9000000047,"41, Sachdeva Chowk, Pune-521345",Pune,Maharashtra
120,Maanav,Jani,bhegde@example.org,3523467804,"79/406
Palan Marg
Thiruvananthapuram-559720",Thiruvananthapuram,Kerala
121,Unnati,Sahni,veer15@example.net,91 9000000048,"26/97
Srivastava, Salem 373248",Srivastava,Tamil Nadu
122,Watika,Chowdhury,emurthy@example.com,91 9000000049,"H.No. 54, Mohan Chowk
Eluru 309690",Mohan Chowk,Andhra Pradesh
123,Chasmum,Ray,dlata@example.org,91 9000000050,"H.No. 447, Mahajan Zila
Bhilwara 584669",Mahajan Zila,Rajasthan
124,Maanas,Arya,parth04@example.net,5901577266,"94/41, Barad Circle
Ongole 308712",Barad Circle,Andhra Pradesh
125,Nidra,Sethi,eramaswamy@example.com,91 9000000051,"H.No. 510
Chadha Path
Tezpur-746393",Tezpur,Assam
126,Warinder,Prasad,chakradevtank@example.net,2734662184,"233, Peri Chowk, Phusro-840252",Phusro,Jharkhand
127,Ojas,Dave,walixiti@example.org,91 9000000052,"74
Suri Nagar
Unnao 183896",Suri Nagar,Uttar Pradesh
128,Xiti,Tella,ianne@example.net,91 9000000053,"76/578
Parikh Path, Kalyan-Dombivli 939195",Kalyan,Maharashtra
129,Mahika,Srivastava,nathchampak@example.com,7733178875,"30/846
Sama Marg, Surendranagar Dudhrej-380996",Surendranagar Dudhrej,Gujarat
130,Samesh,Batta,duttaarnav@example.org,9303001746,"19/373
Chandra Ganj, Satna 033402",Chandra Ganj,Madhya Pradesh
131,Jacob,Ratta,sonimason@example.com,91 9000000054,"H.No. 563
Shan, Ahmedabad-483941",Ahmedabad,Gujarat
132,Zinal,Kashyap,pushti69@example.com,9398666924,"H.No. 13, Anand, Jabalpur 836990",Anand,Madhya Pradesh
133,Timothy,Dash,daksheshbhakta@example.net,6137693610,"950, Jhaveri Zila
Arrah 482030",Jhaveri Zila,Bihar
134,Upasna,Peri,aishaniraj@example.org,4365105972,"H.No. 31, Pau Zila
Tinsukia-653307",Tinsukia,Assam
135,Oviya,Prashad,chavvimagar@example.com,91 9000000055,"099
Barman Zila
Nizamabad 276206",Barman Zila,Telangana
136,Vincent,Jaggi,khalsayachana@example.com,91 9000000056,"48/497, Gill Ganj, Rourkela 421771",Gill Ganj,Odisha
137,Tristan,Rajagopal,pranganathan@example.org,91 9000000057,"H.No. 640
Joshi Path
Berhampore 670218",Joshi Path,West Bengal
138,Advay,Tandon,xuppal@example.net,1113567215,"H.No. 819, Dara Street, Jalna-491672",Jalna,Maharashtra
139,Agastya,Pandey,cbasak@example.com,91 9000000058,"55/879
Kothari Zila
Bilaspur 072676",Kothari Zila,Chhattisgarh
140,Laban,Krishnan,surikavya@example.net,91 9000000059,"232, Ram Marg, Jalna 089832",Ram Marg,Maharashtra
141,Oliver,Keer,itiwari@example.net,7915010058,"85/95
Chawla Nagar, Firozabad 790167",Chawla Nagar,Uttar Pradesh
142,Warinder,Jhaveri,chaitanya49@example.org,9178576611,"297, Anne Marg, Gurgaon 576952",Anne Marg,Haryana
143,Praneel,Mittal,jagratibatra@example.net,91 9000000060,"H.No. 745
Pathak Marg, Giridih-824803",Giridih,Jharkhand
144,Maanas,Dhillon,aarnayogi@example.com,91 9000000061,"20/947
Shenoy Zila
Bharatpur-168644",Bharatpur,Rajasthan
145,George,Naidu,wdubey@example.com,91 9000000062,"H.No. 274
Mand Zila
Pali 162434",Mand Zila,Rajasthan
146,Chanchal,Manne,bhatiapavani@example.com,7226018948,"H.No. 52
Som Chowk, Nanded-064253",Nanded,Maharashtra
147,Vivaan,Subramanian,vrishtibalan@example.com,8911466954,"H.No. 65
Loke, Ambala 138971",Loke,Haryana
148,Tara,Ahluwalia,qchander@example.net,91 9000000063,"708, Lad Path, Malda-082212",Malda,West Bengal
149,Janya,Chadha,cbansal@example.net,120700004,"20
D’Alia Ganj
Raurkela Industrial Township-676944",Raurkela Industrial Township,Odisha
150,Vamakshi,Kohli,gautami22@example.net,9725258436,"02/528, Parmer Zila, Mira-Bhayandar 243774",Mira,Maharashtra
151,Yauvani,Pai,rpau@example.net,9764081665,"12/33
Soni Chowk
Jalandhar 615012",Soni Chowk,Punjab
152,Oviya,Dhar,munijason@example.com,986655107,"694
Bhagat Chowk, Nandyal-182411",Nandyal,Andhra Pradesh
153,Ladli,Parmar,omya01@example.net,8414638131,"H.No. 90
Dara Street, Eluru 247624",Dara Street,Andhra Pradesh
154,Laban,Arya,shaurya57@example.org,91 9000000064,"37, Bandi Street
Gandhidham 692567",Bandi Street,Gujarat
155,Thomas,Lad,ubawa@example.com,7771708989,"28/76
Mutti Circle
Arrah-021927",Arrah,Bihar
156,Watika,Koshy,dassekaja@example.com,8489257456,"01/886, Nori
Jaunpur 172994",Nori,Uttar Pradesh
157,Chandani,Pandit,rsolanki@example.com,7943097664,"75/166
Pillai Circle
Anand 447587",Pillai Circle,Gujarat
158,Advika,Shetty,advay03@example.com,6809179134,"017
Agarwal Nagar, Secunderabad 796407",Agarwal Nagar,Telangana
159,Lajita,Toor,bgulati@example.net,3649620310,"172, Dixit Path
Ranchi 367122",Dixit Path,Jharkhand
160,Leena,Sekhon,chameli02@example.net,91 9000000065,"34
Khare Path, Mathura 074797",Khare Path,Uttar Pradesh
161,Watika,Bhakta,chatura64@example.net,2215884383,"H.No. 27, Comar Ganj, Bally 610294",Comar Ganj,West Bengal
162,Chanchal,Bhatia,harishmemon@example.com,2932168,"H.No. 86
Khalsa Chowk, Shivpuri 051808",Khalsa Chowk,Madhya Pradesh
163,Samuel,Sandal,iryasingh@example.net,3486621008,"H.No. 19
Tandon Street, Morbi-541420",Morbi,Gujarat
164,Ati,Mutti,sarajaggi@example.com,1713514121,"86/76, Sandhu Path
Noida-250359",Noida,Uttar Pradesh
165,Manya,Prasad,william11@example.org,91 9000000066,"H.No. 838, Bandi Road, Nagaon 051022",Bandi Road,Assam
166,Ojasvi,Shan,unatt@example.com,7796724761,"75/054, Mital Circle
Hajipur-717950",Hajipur,Bihar
167,Om,Subramanian,epathak@example.net,6709600950,"H.No. 98
Bhardwaj Marg
Nangloi Jat-548275",Nangloi Jat,Delhi
168,Ojasvi,Nori,jasmitkothari@example.net,91 9000000067,"35/95
Nagar Zila, Katni 489357",Nagar Zila,Madhya Pradesh
169,Wridesh,Prabhu,kashishdhawan@example.org,1666736652,"99/951
Keer Nagar, Amroha 195361",Keer Nagar,Uttar Pradesh
170,Amaira,Master,cmajumdar@example.net,91 9000000068,"84/46, Saxena Marg
Bhavnagar 150488",Saxena Marg,Gujarat
171,Madhavi,Kade,samarth57@example.com,91 9000000069,"37
Wali Path
Indore 007237",Wali Path,Madhya Pradesh
172,Eshana,Pall,nbedi@example.org,3124740021,"H.No. 752, Wagle Ganj
Tiruvottiyur 055970",Wagle Ganj,Tamil Nadu
173,Om,Lalla,abeer39@example.net,8738919690,"19/359, Nayar Chowk
Bardhaman-758170",Bardhaman,West Bengal
174,Champak,Kant,indali51@example.org,9969769635,"H.No. 492, Khalsa Marg, Karimnagar 754138",Khalsa Marg,Telangana
175,Urmi,Gade,tanvi75@example.org,3600524912,"19
Rastogi
Raipur-412590",Raipur,Chhattisgarh
176,Benjamin,Bajaj,ovaidya@example.com,9543381473,"072, Bhat Marg, Pali-738974",Pali,Rajasthan
177,Anita,Ray,anitajhaveri@example.com,91 9000000070,"33/54
Pillai Marg
Nellore 801829",Pillai Marg,Andhra Pradesh
178,Baghyawati,Kant,omane@example.net,7779154560,"67/265
Barman Chowk
Hazaribagh-459723",Hazaribagh,Jharkhand
179,Sathvik,Madan,yohannandavid@example.org,335259451,"03
Suri Ganj, Kakinada 798704",Suri Ganj,Andhra Pradesh
180,Isha,Wadhwa,ryanbawa@example.org,1848696697,"H.No. 208, Agarwal Street, Dehri 459886",Agarwal Street,Bihar
181,Nicholas,Yadav,kapadiachasmum@example.net,4276840415,"41
Chaudhry Path, Bahraich-342462",Bahraich,Uttar Pradesh
182,Charan,Muni,sathvikkarpe@example.org,6597461009,"H.No. 472, Gulati
Madanapalle 091856",Gulati,Andhra Pradesh
183,Anamika,Sarna,mandalazaan@example.com,91 9000000071,"87/20, Nayak Road
Bareilly-537768",Bareilly,Uttar Pradesh
184,Omya,Borah,hardik51@example.org,9052452105,"H.No. 20
Joshi Ganj, Udaipur 277897",Joshi Ganj,Rajasthan
185,Aditya,Mallick,vaishnaviviswanathan@example.net,91 9000000072,"79/642, Kaul Marg
Dibrugarh-970553",Dibrugarh,Assam
186,William,Pai,bkhatri@example.org,8919768895,"H.No. 817
Goda Path, Sultan Pur Majra 255960",Goda Path,Delhi
187,Anirudh,Tella,mitali12@example.com,1891701679,"00/06, Saini Ganj
Ramgarh-921198",Ramgarh,Jharkhand
188,Sai,Kakar,dhritiparmer@example.org,91 9000000073,"164
Bhandari Marg, Dhule-492271",Dhule,Maharashtra
189,Sai,Vohra,atiaurora@example.org,2571885091,"H.No. 716, Kala, Dewas 781767",Kala,Madhya Pradesh
190,Kala,Venkataraman,manbirmanda@example.net,1215515036,"H.No. 51, Sagar Nagar, Rewa-116054",Rewa,Madhya Pradesh
191,Idika,Wali,balashivani@example.net,9008585348,"H.No. 35
Goswami Ganj
Ambarnath 647751",Goswami Ganj,Maharashtra
192,Sai,Ganguly,azaansom@example.net,91 9000000074,"71/09
Shroff Path, Siliguri-333760",Siliguri,West Bengal
193,Tarak,Dave,dugalpriya@example.net,1757191455,"H.No. 47
Sarkar Marg
Etawah 336444",Sarkar Marg,Uttar Pradesh
194,Mohini,Banik,mammenbachittar@example.com,1036373053,"15, Apte Marg, Bilaspur 748131",Apte Marg,Chhattisgarh
195,Rachita,Pandey,hiral57@example.org,9426999837,"36/231, Sarkar Road
Yamunanagar 403210",Sarkar Road,Haryana
196,Krish,Master,jatin40@example.com,91 9000000075,"468
Dar Ganj, Howrah-058289",Howrah,West Bengal
197,Madhavi,Gour,randhawahemangini@example.net,2613506697,"H.No. 962
Dutta Circle
Medininagar-348057",Medininagar,Jharkhand
198,Yashodhara,Krish,andraeta@example.net,7680533413,"H.No. 61, Borah Chowk
Bellary-577733",Bellary,Karnataka
199,Ganga,Jayaraman,ksawhney@example.net,91 9000000076,"H.No. 19, Sahota Marg
Madurai 560658",Sahota Marg,Tamil Nadu
200,Alka,Dhar,wchahal@example.com,3271474720,"15/025, Issac Marg, Arrah-677246",Arrah,Bihar
201,Tejas,Mital,dugareta@example.net,91 9000000077,"974, Sule Street
Surat 408308",Sule Street,Gujarat
202,Yoshita,Majumdar,nkrishnamurthy@example.com,91 9000000078,"69/87
Merchant, Jalna 866617",Merchant,Maharashtra
203,Odika,Mahajan,vamakshilad@example.com,4792811965,"77/91
Bobal Marg
Coimbatore 777727",Bobal Marg,Tamil Nadu
204,Adweta,Goel,qmammen@example.com,2856800612,"75/955, Ramakrishnan Nagar
Shimla-515978",Shimla,Himachal Pradesh
205,Damini,Wable,jgrover@example.com,91 9000000079,"79/67
Nigam Marg
Salem 421344",Nigam Marg,Tamil Nadu
206,Ishanvi,Sharaf,xpingle@example.com,2762002050,"77, Rai Zila, Nagpur-354347",Nagpur,Maharashtra
207,Niharika,Nadkarni,hemalpillai@example.net,91 9000000080,"36, Sridhar Marg, Tadipatri 724231",Sridhar Marg,Andhra Pradesh
208,Benjamin,Wali,dalalowen@example.org,1873657407,"383, Chakrabarti Nagar
Aurangabad 995609",Chakrabarti Nagar,Maharashtra
209,Damini,Keer,enagy@example.com,1564448431,"H.No. 00, Gala Ganj, Belgaum-920510",Belgaum,Karnataka
210,Ranbir,Shan,lohit50@example.com,8252199583,"96, Shenoy Zila
Satna-556649",Satna,Madhya Pradesh
211,Ekantika,Savant,virajjaggi@example.org,91 9000000081,"00/110, Deshmukh
Pondicherry-027325",Pondicherry,Puducherry
212,Arya,Choudhary,saanvi70@example.com,91 9000000082,"H.No. 370, Parekh Marg
Dehri 939767",Parekh Marg,Bihar
213,Manan,Aurora,darshsoman@example.com,1218301061,"04
Wadhwa Path
Kolhapur-593918",Kolhapur,Maharashtra
214,Kritika,Sunder,waidadua@example.net,5233109842,"H.No. 266, Guha Chowk, Firozabad-124038",Firozabad,Uttar Pradesh
215,Gauri,Prabhu,harrison79@example.com,1045170522,"77, Patla Chowk, Nangloi Jat 104479",Patla Chowk,Delhi
216,Bachittar,Hayer,deepayush@example.org,91 9000000083,"32/80, Boase Path, Mahbubnagar 448883",Boase Path,Telangana
217,Chakrika,Nayar,nilima58@example.com,4892026220,"H.No. 012, Zacharia Marg
Maheshtala 487481",Zacharia Marg,West Bengal
218,Om,Naik,jagat76@example.com,1777074060,"H.No. 854
Mangal Street, Unnao-606205",Unnao,Uttar Pradesh
219,Nilima,Jha,kumarkiaan@example.org,4889079111,"41/59
Loke Path, Etawah 140556",Loke Path,Uttar Pradesh
220,Sanya,Bhatt,william35@example.org,91 9000000084,"050, Basu Circle, Chandigarh-397772",Chandigarh,Chandigarh
221,Alka,Uppal,darsh85@example.org,3486479645,"99/820, Luthra Chowk, Berhampore-844510",Berhampore,West Bengal
222,Shivani,Gokhale,viraj18@example.org,5285950839,"514, Gupta Marg
Kottayam 560497",Gupta Marg,Kerala
223,Guneet,Lata,biswaskalpit@example.net,91 9000000085,"59/22, Char, Etawah-399118",Etawah,Uttar Pradesh
224,Utkarsh,Rau,lkata@example.com,91 9000000086,"15/42
Gandhi
Avadi-062001",Avadi,Tamil Nadu
225,Amrita,Vasa,bobaljanaki@example.net,91 9000000087,"H.No. 30
Vyas Ganj, Motihari-242312",Motihari,Bihar
226,Damini,Pall,hegdejanuja@example.org,91 9000000088,"H.No. 89, Sabharwal Zila
Madhyamgram 811447",Sabharwal Zila,West Bengal
227,Kalpit,Bera,upma51@example.com,91 9000000089,"816, Balan Circle, Tadipatri 405667",Balan Circle,Andhra Pradesh
228,Amaira,Kunda,eta11@example.net,182136519,"75/95, Sha Zila, Bulandshahr-305609",Bulandshahr,Uttar Pradesh
229,Urishilla,Murty,abhiram38@example.org,91 9000000090,"57/82, Chopra Path
Tenali-296818",Tenali,Andhra Pradesh
230,Balendra,Thakkar,gangaandra@example.org,3635504569,"H.No. 12, Swamy Zila, Ajmer-225825",Ajmer,Rajasthan
231,Kiaan,Saha,oeshi65@example.net,91 9000000091,"03/326, Rau Street
Gudivada-878269",Gudivada,Andhra Pradesh
232,Aayush,Mutti,onkarbir@example.net,5314236956,"74/143, Pradhan Road, Fatehpur 101268",Pradhan Road,Uttar Pradesh
233,Maanas,Barad,pbadal@example.com,9425789189,"95
Chakraborty Street, Shimla-227534",Shimla,Himachal Pradesh
234,Fiyaz,Naik,barmanladli@example.com,8850102576,"H.No. 74, Vora Street, Avadi 757938",Vora Street,Tamil Nadu
235,Advay,Ravi,kashish65@example.net,771081585,"99/853, Tak Road, Kirari Suleman Nagar 216090",Tak Road,Delhi
236,Eta,Raja,ekaja29@example.com,3366402310,"83, Kant Street
Haldia 319901",Kant Street,West Bengal
237,Faris,Morar,ramaswamyradhika@example.org,91 9000000092,"H.No. 831
Bhat Road, Meerut-848394",Meerut,Uttar Pradesh
238,Jairaj,Palla,ladcharvi@example.org,71933917,"66, Lanka Path, Bangalore-771905",Bangalore,Karnataka
239,Aashi,Andra,nairhema@example.com,4638536626,"35/376
Guha Path
Aurangabad-926487",Aurangabad,Maharashtra
240,Nitara,Dugar,borahshivani@example.com,91 9000000093,"62
Chowdhury
Rourkela-673395",Rourkela,Odisha
241,Qushi,Wali,madhavi78@example.org,91 9000000094,"821, Sura Nagar, Ramgarh-841440",Ramgarh,Jharkhand
242,Omya,Swamy,charitanazareth@example.net,7574872005,"02
Saxena Chowk
Alwar-208666",Alwar,Rajasthan
243,Owen,Bava,ojasvi89@example.net,91 9000000095,"H.No. 637
Sani, Gopalpur-647185",Gopalpur,West Bengal
244,Damini,Nagi,pdugar@example.com,5955475446,"89/013, Bath Road, Saharanpur 463577",Bath Road,Uttar Pradesh
245,Krishna,Rege,sdani@example.net,91 9000000096,"77/259, Parmer Marg, Kakinada 047759",Parmer Marg,Andhra Pradesh
246,Devansh,Mitter,pahal23@example.com,91 9000000097,"53/03
Pandey Road, Chennai 415309",Pandey Road,Tamil Nadu
247,Vansha,Pradhan,hemangini75@example.org,7505025675,"26/888
Mitter, Jamalpur-961363",Jamalpur,Bihar
248,Ekanta,Nagi,abdulbora@example.com,91 9000000098,"H.No. 26
Krishna Chowk
Panipat 971975",Krishna Chowk,Haryana
249,Lopa,Lal,sprabhakar@example.org,7444570987,"80/81, Mitter Chowk
Dhule-008740",Dhule,Maharashtra
250,Bhavani,Walla,nirjabora@example.org,6341031778,"H.No. 114, Arya Nagar, Bokaro 614441",Arya Nagar,Jharkhand
251,Laksh,Sarin,flad@example.com,91 9000000099,"71/246
Chaudhry, Amravati-866149",Amravati,Maharashtra
252,Neha,Thakkar,abrahmbhatt@example.net,91 9000000100,"35/814, Konda Road
Pimpri-Chinchwad-020713",Chinchwad,Maharashtra
253,Mohini,Luthra,srinivasforum@example.net,6901110526,"690, Sandal Circle, Giridih-270106",Giridih,Jharkhand
254,Faqid,Narang,guneet27@example.net,5554032761,"34/74
Bal Circle, Kavali 591692",Bal Circle,Andhra Pradesh
255,Jagat,Kunda,rbutala@example.com,5342381719,"93/529
Doctor Nagar, Akola 779192",Doctor Nagar,Maharashtra
256,Imaran,Gandhi,kibeagastya@example.net,5241931133,"19/93, Chaudhary Street
Barasat 861106",Chaudhary Street,West Bengal
257,Lajita,Warrior,kaurdaksha@example.com,5480006516,"17/900
Basu Circle
Burhanpur-002580",Burhanpur,Madhya Pradesh
258,Yagnesh,Kapoor,jaishenoy@example.com,717546293,"H.No. 01, Srinivasan Street
Uluberia-303781",Uluberia,West Bengal
259,Dayita,Prashad,advikasarma@example.org,1332855349,"00/305
Bal Circle, Narasaraopet 827326",Bal Circle,Andhra Pradesh
260,Jagrati,Patel,duajonathan@example.com,91 9000000101,"13/087, Pingle Chowk, Sasaram-349291",Sasaram,Bihar
261,Anita,Mukherjee,qsinha@example.org,2656625865,"508
Sekhon Circle, Hazaribagh-736429",Hazaribagh,Jharkhand
262,Yamini,Mand,nidra92@example.com,91 9000000102,"H.No. 15, Gupta Nagar, Saharsa-522076",Saharsa,Bihar
263,Laksh,Dhawan,naveen37@example.com,5303700207,"H.No. 283, Maharaj Road
Nashik-732945",Nashik,Maharashtra
264,Kai,Dugar,alexander33@example.net,2522617648,"H.No. 99, Issac Ganj
Danapur 095735",Issac Ganj,Bihar
265,Urmi,Nigam,gpall@example.org,91 9000000103,"11, Nori Ganj
Chapra-983494",Chapra,Bihar
266,Gauri,Shah,xbalasubramanian@example.net,91 9000000104,"72/047
Venkatesh Road
Junagadh-049776",Junagadh,Gujarat
267,Harita,Dora,manishravya@example.com,91 9000000105,"28/952
Murthy Chowk, Khammam 214333",Murthy Chowk,Telangana
268,Vansha,Nori,malhotrasamaksh@example.com,5070015212,"929, Bera Chowk
Hyderabad 414122",Bera Chowk,Telangana
269,Qadim,Saini,chavvi59@example.com,91 9000000106,"17/76
De, Bilaspur-162240",Bilaspur,Chhattisgarh
270,Ati,Mitra,chavvibhagat@example.net,91 9000000107,"77/04
Baria Road, Tumkur-260075",Tumkur,Karnataka
271,Omisha,Chaudhry,singhsaanvi@example.com,91 9000000108,"17/09
Buch Path, Proddatur 379201",Buch Path,Andhra Pradesh
272,Laksh,Chandra,fiyazganesh@example.org,7883993658,"H.No. 21
Borra Road
Machilipatnam 390731",Borra Road,Andhra Pradesh
273,Shravya,Suri,upasnamane@example.org,4590314978,"06/252, Ramanathan, Eluru 359365",Ramanathan,Andhra Pradesh
274,Fariq,Parikh,boravanya@example.net,91 9000000109,"97, Savant Circle, Nanded 170464",Savant Circle,Maharashtra
275,Zaid,Chadha,chanakyavarkey@example.org,1835470968,"H.No. 535
Sankaran Zila
Chandrapur-700916",Chandrapur,Maharashtra
276,Zaid,Tak,dasguptaabdul@example.net,8125628938,"06/34
Misra Nagar, Avadi 756891",Misra Nagar,Tamil Nadu
277,Jagat,Bajwa,kashvidubey@example.org,91 9000000110,"H.No. 25, Kara Nagar, Machilipatnam 923416",Kara Nagar,Andhra Pradesh
278,Yachana,Kari,patlagaurangi@example.com,91 9000000111,"H.No. 51, Bakshi Path, Nanded 531478",Bakshi Path,Maharashtra
279,Nidhi,Sama,ubikachoudhury@example.com,3022912162,"45/96
Gola Street
Amravati 859499",Gola Street,Maharashtra
280,Indali,Bajwa,cjaggi@example.org,2627961729,"437
Chanda Circle
Jalna 360862",Chanda Circle,Maharashtra
281,Lajita,Chokshi,riya18@example.com,9462007798,"045
Naik Nagar
Panchkula-625415",Panchkula,Haryana
282,Wriddhish,Agate,bahllogan@example.org,8296463693,"H.No. 367
Sandhu Nagar, Karawal Nagar 287811",Sandhu Nagar,Delhi
283,Ayushman,Sarraf,kakarsimon@example.net,91 9000000112,"H.No. 740, Raghavan Circle
Nangloi Jat-363678",Nangloi Jat,Delhi
284,Urmi,Sami,irana@example.net,91 9000000113,"53/06
Gour Chowk, Chapra 221983",Gour Chowk,Bihar
285,Bhavya,Chokshi,raghavankamya@example.com,5085075310,"71/82, Sanghvi Street
Anantapuram-619951",Anantapuram,Andhra Pradesh
286,Krishna,Srinivasan,nandini89@example.com,7762218509,"86, Dua
Ramagundam 651657",Dua,Telangana
287,Jagvi,Bandi,nagarrehaan@example.com,91 9000000114,"84
Magar Circle
Rajpur Sonarpur 485808",Magar Circle,West Bengal
288,Watika,Munshi,wardasachdeva@example.org,91 9000000115,"135, Golla Nagar, Raurkela Industrial Township-530412",Raurkela Industrial Township,Odisha
289,Yutika,Kashyap,dgulati@example.net,4099421209,"H.No. 025
Kunda Chowk, Bhilwara-256511",Bhilwara,Rajasthan
290,Michael,Mammen,tellagirik@example.com,8863104793,"90/36
Minhas Circle, Danapur-292131",Danapur,Bihar
291,Ikbal,Rege,ramanedhitha@example.net,151575280,"37/433, Murthy, Pondicherry-862367",Pondicherry,Puducherry
292,Lipika,Mohan,champakbera@example.net,91 9000000116,"H.No. 61
Raj Nagar
Kottayam-858175",Kottayam,Kerala
293,Gagan,Balay,bishakhagala@example.org,8854928724,"28, Arya Chowk
Jehanabad 058027",Arya Chowk,Bihar
294,Eshana,Subramanian,rpandit@example.net,6734789966,"89/29, Chada Chowk, Kanpur-982795",Kanpur,Uttar Pradesh
295,Samar,Doshi,ipatla@example.com,5524347095,"510
Kapadia Marg, Ghaziabad 379621",Kapadia Marg,Uttar Pradesh
296,Kalpit,Parekh,kumarvictor@example.org,8140613233,"36/327, Dube Circle, Darbhanga 839827",Dube Circle,Bihar
297,Urmi,Nair,vrishtisarna@example.org,91 9000000117,"H.No. 572, Kar Marg
Korba 660516",Kar Marg,Chhattisgarh
298,Dev,Sundaram,hiralsem@example.net,1133903961,"H.No. 20, Nadig
Bidhannagar-947256",Bidhannagar,West Bengal
299,Charita,Sibal,jagrati19@example.org,3142687240,"016
Gola Zila, Firozabad 697745",Gola Zila,Uttar Pradesh
300,Chavvi,Kulkarni,aachalmohanty@example.org,7674996955,"H.No. 36, Badal Marg
Anantapur-898257",Anantapur,Andhra Pradesh
301,Leela,Anand,hoza@example.org,3434044033,"92
Dhillon Nagar, Aizawl 350668",Dhillon Nagar,Mizoram
302,Bhavika,Shah,ekavirdalia@example.com,2576296248,"17
Rattan Ganj, Avadi 514784",Rattan Ganj,Tamil Nadu
303,Lakshit,Deshpande,vrindabrahmbhatt@example.org,3313758624,"92/237, Pant Circle
Raurkela Industrial Township 291749",Pant Circle,Odisha
304,Hredhaan,Keer,norivanya@example.com,91 9000000118,"H.No. 98, Chada Path, Haldia 556577",Chada Path,West Bengal
305,Kashvi,Deshpande,fpatel@example.org,4845605185,"627, Agate Path, Dharmavaram-559368",Dharmavaram,Andhra Pradesh
306,Janaki,Dar,tandonyashasvi@example.org,3117256160,"65/01, Brar Road, Firozabad-212854",Firozabad,Uttar Pradesh
307,Abeer,Munshi,yashicabhavsar@example.com,8847296056,"H.No. 38
Sidhu
Solapur 505728",Sidhu,Maharashtra
308,Gaurang,Talwar,upandya@example.org,2161835926,"H.No. 89, Dara Road
Ludhiana 880179",Dara Road,Punjab
309,Rudra,Chana,jramesh@example.com,9537109387,"H.No. 31
Mutti Path
Avadi-915410",Avadi,Tamil Nadu
310,Janya,Kapadia,emohan@example.org,6384534202,"073
Varty Zila
South Dumdum 848766",Varty Zila,West Bengal
311,Hitesh,Tata,sinhanachiket@example.com,2406269415,"34/36, Badami Street
Jabalpur 537138",Badami Street,Madhya Pradesh
312,Lila,Thakkar,wahab20@example.org,2078516548,"H.No. 916
Kala Zila, Bathinda-922335",Bathinda,Punjab
313,Varenya,Vora,tooryashodhara@example.net,5835313609,"H.No. 09, Subramaniam Zila
Dehri-872954",Dehri,Bihar
314,Manya,Morar,riya56@example.org,9205290520,"89/09
Loke Ganj, Cuttack 158348",Loke Ganj,Odisha
315,Oeshi,Koshy,shereupasna@example.com,603750285,"54, Bala Street
Mirzapur 897378",Bala Street,Uttar Pradesh
316,Caleb,Padmanabhan,tankmegha@example.org,3172709970,"490, Chadha, Raichur 903161",Chadha,Karnataka
317,Janaki,Saran,bhavika83@example.net,2286177437,"51, Nath, Raiganj-230541",Raiganj,West Bengal
318,Onkar,Dayal,nayakabhiram@example.net,1091830673,"32
Venkatesh Circle, Varanasi-284592",Varanasi,Uttar Pradesh
319,Yahvi,Sathe,egara@example.com,5392343324,"44/37
Badal Zila, Noida-280914",Noida,Uttar Pradesh
320,Luke,Chokshi,takonveer@example.org,91 9000000119,"45, Banik Nagar
Kochi-996542",Kochi,Kerala
321,Benjamin,Goswami,vedika87@example.org,1428639310,"35, Varkey Zila, Rajahmundry 058450",Varkey Zila,Andhra Pradesh
322,Yug,Bhasin,anay83@example.com,8663693661,"92/72
Pai Path, Jehanabad 008786",Pai Path,Bihar
323,Laksh,Dhingra,hmadan@example.net,91 9000000120,"66/772
Bose Nagar, Rohtak 910713",Bose Nagar,Haryana
324,Ronith,Parmar,rajeshridora@example.com,91 9000000121,"87/99, Naidu Street, Bangalore 143499",Naidu Street,Karnataka
325,Samarth,Prasad,jananiborah@example.com,6924038605,"697, Balasubramanian Ganj
Warangal-296301",Warangal,Telangana
326,Tanay,Shetty,jeevika09@example.net,91 9000000122,"59/81
Bera Path
Kolhapur-255231",Kolhapur,Maharashtra
327,George,Mander,radhikamore@example.org,3555501903,"75
Bajwa Nagar, Ghaziabad-907158",Ghaziabad,Uttar Pradesh
328,Warjas,Lad,bailekanta@example.org,5890065824,"H.No. 53
Narayan Zila, Vijayanagaram-708178",Vijayanagaram,Andhra Pradesh
329,Anirudh,Karnik,kantavni@example.org,91 9000000123,"995, Aurora Road
Amroha 761205",Aurora Road,Uttar Pradesh
330,Unni,Tella,fnarayanan@example.net,3021151513,"H.No. 966
Sami Marg
Bhiwani 612442",Sami Marg,Haryana
331,Chatresh,Kumar,rattiishwar@example.org,1955661000,"H.No. 440, Bajwa Street, Navi Mumbai 421174",Bajwa Street,Maharashtra
332,Yoshita,Purohit,chakrika49@example.com,5421300311,"05/456
Mandal Road
Motihari 259439",Mandal Road,Bihar
333,Panini,Raj,ljani@example.org,5608425145,"708
Som Zila
Jalgaon 659383",Som Zila,Maharashtra
334,Ladli,Grover,lukesem@example.org,688545645,"703
De, Bahraich 621781",De,Uttar Pradesh
335,Advik,Raj,maanasmaharaj@example.org,91 9000000124,"H.No. 382
Kapur Road, Ulhasnagar 256138",Kapur Road,Maharashtra
336,Advika,Ben,kaurjason@example.org,91 9000000125,"24/11
Chander Street
Khammam-425163",Khammam,Telangana
337,Yashoda,Karan,ydhillon@example.org,91 9000000126,"H.No. 11
Garde Marg, Varanasi 379616",Garde Marg,Uttar Pradesh
338,Harsh,Bali,udantgera@example.net,7006026810,"08
Srinivasan Street
Moradabad 038542",Srinivasan Street,Uttar Pradesh
339,Garima,Pandya,gopalekantika@example.com,91 9000000127,"34/18
Tandon Marg, Rajkot-268795",Rajkot,Gujarat
340,Aachal,Modi,nigamsamarth@example.net,9892212447,"85/02
Parekh Road, Surendranagar Dudhrej 840784",Parekh Road,Gujarat
341,Shivansh,Bajaj,champakbalay@example.net,9436392016,"08, Mukherjee Zila
Chandigarh 469890",Mukherjee Zila,Chandigarh
342,Sachi,Luthra,vohrachristopher@example.org,3099859454,"82, Khatri Nagar
Akola 471843",Khatri Nagar,Maharashtra
343,Vanya,Chandra,megha21@example.net,6769947473,"82
Khurana Marg
Jabalpur-683606",Jabalpur,Madhya Pradesh
344,Hritik,Korpal,oscar70@example.org,3586722860,"H.No. 932
Bobal Nagar
Durgapur 639161",Bobal Nagar,West Bengal
345,Aarna,Muni,hsingh@example.net,9916855795,"H.No. 52, Pingle Road, Dharmavaram 208843",Pingle Road,Andhra Pradesh
346,Advay,Kumer,maharajpriya@example.net,91 9000000128,"029, Sani Nagar
Giridih 324339",Sani Nagar,Jharkhand
347,Vinaya,Bajwa,nigamudarsh@example.com,9810853453,"45
Chahal Circle
Loni-855579",Loni,Uttar Pradesh
348,Guneet,Aurora,xwason@example.com,91 9000000129,"14/41
Borde, Rohtak-783762",Rohtak,Haryana
349,Yatin,Bhattacharyya,bhavikasampath@example.com,4057069933,"H.No. 678
Pau Road
Haridwar 978460",Pau Road,Uttarakhand
350,Jhalak,Shankar,raghav40@example.net,91 9000000130,"H.No. 558, Chandran Zila, Jalandhar 734152",Chandran Zila,Punjab
351,Anvi,Mitra,victor52@example.net,91 9000000131,"32/30, Brar, Siwan 161949",Brar,Bihar
352,Omisha,Jaggi,anthonykothari@example.com,5710583371,"56, Das Path, Ramgarh 113207",Das Path,Jharkhand
353,Wakeeta,Sachdev,ucchalahluwalia@example.net,91 9000000132,"330, Basak Ganj
Bijapur 700548",Basak Ganj,Karnataka
354,Warinder,Goswami,narainvedhika@example.net,91 9000000133,"H.No. 23, Subramanian Nagar, Jammu 146383",Subramanian Nagar,Jammu and Kashmir
355,Yashvi,Bhardwaj,kiaan29@example.org,91 9000000134,"50
Krishnan
Rampur 117140",Krishnan,Uttar Pradesh
356,Damini,Kumar,chavvi16@example.net,7186282006,"H.No. 23
Pillai Chowk, Miryalaguda-617159",Miryalaguda,Telangana
357,Aashi,Talwar,jhalakhans@example.net,91 9000000135,"H.No. 42, Apte Street
Salem 737750",Apte Street,Tamil Nadu
358,Chanchal,Bhavsar,kaurekanta@example.org,1163344222,"77, Kadakia Chowk, Bahraich 005655",Kadakia Chowk,Uttar Pradesh
359,Charan,Chaudhry,gopalchanchal@example.org,91 9000000136,"41, Rama Street, Chittoor-271765",Chittoor,Andhra Pradesh
360,Logan,Sarma,atella@example.org,2722420098,"290
Sangha Circle
Karimnagar 932989",Sangha Circle,Telangana
361,Isha,Loke,theodore78@example.net,91 9000000137,"30
Andra Zila, Ranchi-993220",Ranchi,Jharkhand
362,Dhruv,Kurian,kumerrayaan@example.org,2170324239,"17, Koshy Marg, Chinsurah-547686",Chinsurah,West Bengal
363,Jagat,Basu,pahalchacko@example.net,91 9000000138,"67/11
Mital Marg, Amroha 808993",Mital Marg,Uttar Pradesh
364,Warjas,Sridhar,bhandarisanya@example.com,91 9000000139,"41/607
Kapadia Street, Nashik-225342",Nashik,Maharashtra
365,Upadhriti,Tak,warhi51@example.com,3656207026,"H.No. 331
Swaminathan Circle
Burhanpur 955128",Swaminathan Circle,Madhya Pradesh
366,Ethan,Oza,tanishmunshi@example.net,91 9000000140,"86/47
Raju Circle, Howrah 712721",Raju Circle,West Bengal
367,Kalpit,Nair,qushikumar@example.org,91 9000000141,"607, Gade, Gudivada-445310",Gudivada,Andhra Pradesh
368,Michael,Sura,ygera@example.net,4426551808,"43/13, Brahmbhatt Nagar
Raiganj 037563",Brahmbhatt Nagar,West Bengal
369,Radha,Wadhwa,vyanjanasaraf@example.com,91 9000000142,"36
Yohannan
Dharmavaram 002905",Yohannan,Andhra Pradesh
370,Caleb,Ramakrishnan,zchand@example.com,3090723382,"25/341
Hora Nagar, Tiruchirappalli 104367",Hora Nagar,Tamil Nadu
371,Pranit,Sarna,ishitamorar@example.org,91 9000000143,"95, Balay Road, Anantapur 658175",Balay Road,Andhra Pradesh
372,Vyanjana,Trivedi,aroraturvi@example.org,3899830887,"22/001, Keer Road, Saharanpur-862804",Saharanpur,Uttar Pradesh
373,Ranveer,Zachariah,yuglad@example.org,91 9000000144,"91/060
Walia Circle, Giridih-254030",Giridih,Jharkhand
374,Shravya,Baral,qarinahuja@example.com,5804723412,"H.No. 50, Bhattacharyya Circle
Jalandhar-606209",Jalandhar,Punjab
375,Orinder,Hora,ansh47@example.com,4183620354,"94/554
Lata Marg, Jaunpur-871914",Jaunpur,Uttar Pradesh
376,Sanaya,Varughese,dev69@example.com,3102614778,"12/82
Halder Chowk, Thrissur-134844",Thrissur,Kerala
377,Ekaraj,Mahajan,myadav@example.com,5398578872,"H.No. 47, Padmanabhan Ganj, Tumkur 823364",Padmanabhan Ganj,Karnataka
378,Ekaja,Mallick,wpadmanabhan@example.net,2755004018,"H.No. 97
Pandey Path
Dhanbad 110397",Pandey Path,Jharkhand
379,Netra,Sheth,chakrabortyimaran@example.net,6590462099,"H.No. 85, Gole Street
Cuttack-745349",Cuttack,Odisha
380,Neha,Krish,rakshagoel@example.com,91 9000000145,"H.No. 904, Nagarajan Nagar
Alwar 653031",Nagarajan Nagar,Rajasthan
381,Vasudha,Balan,deepkritika@example.org,4179431670,"H.No. 22, Vora Nagar, Katihar 318634",Vora Nagar,Bihar
382,Priya,Mangal,nmohanty@example.net,91 9000000146,"H.No. 015
Sabharwal Zila, Morbi 645668",Sabharwal Zila,Gujarat
383,Bakhshi,Zacharia,libnimadan@example.com,91 9000000147,"954, Sankaran Marg, Guna-870232",Guna,Madhya Pradesh
384,Yatan,Bumb,champak41@example.com,91 9000000148,"08/582, Bajwa Chowk
Khora  209842",Bajwa Chowk,Uttar Pradesh
385,Girindra,Saxena,nakul51@example.org,91 9000000149,"89
Savant Chowk
Kozhikode-794538",Kozhikode,Kerala
386,Tanvi,Tripathi,sakshamvirk@example.net,9430104110,"H.No. 800
Srivastava Zila
Jalgaon 149807",Srivastava Zila,Maharashtra
387,Ira,Parekh,lavanya25@example.com,9020214558,"944
Mittal
Guntur 794811",Mittal,Andhra Pradesh
388,Vasudha,Narayan,amrutadara@example.com,9467029489,"H.No. 62
Gour Chowk
Gudivada-251554",Gudivada,Andhra Pradesh
389,Elijah,Raman,nidhi92@example.com,3309553353,"H.No. 867
Kamdar Circle
Junagadh 558729",Kamdar Circle,Gujarat
390,Nidhi,Narain,nazarethzehaan@example.net,1039659804,"90, Lalla Ganj
Vellore 456271",Lalla Ganj,Tamil Nadu
391,Krish,Datta,omishabhakta@example.net,1287434373,"39
Suresh Circle
Berhampur-337283",Berhampur,Odisha
392,Chaitanya,Sridhar,zarnachanda@example.org,5407089455,"78
Shenoy Path, Siliguri 892478",Shenoy Path,West Bengal
393,Vedant,Baria,rattashivani@example.net,91 9000000150,"80
Halder Ganj
Rajpur Sonarpur-874444",Rajpur Sonarpur,West Bengal
394,Krisha,Venkataraman,chackoupma@example.com,8424117524,"85/93
Balan Path, Bally-053829",Bally,West Bengal
395,Sarthak,Goyal,venkataramanguneet@example.com,3081627535,"84/981
Chacko Nagar, Noida 951851",Chacko Nagar,Uttar Pradesh
396,Chanchal,Singhal,lsodhi@example.net,8682613340,"H.No. 818, Kari Road, Panihati 738424",Kari Road,West Bengal
397,Anamika,Saran,fkaul@example.net,2828395432,"960, Subramanian Circle, Allahabad 763621",Subramanian Circle,Uttar Pradesh
398,Samar,Madan,anusha32@example.org,7447278158,"02/697, Borra Road, Katni-363167",Katni,Madhya Pradesh
399,Falguni,Hegde,chadachakradhar@example.net,9819042270,"H.No. 02
Dua
Gulbarga-955196",Gulbarga,Karnataka
400,Kashish,Badami,agatechaaya@example.net,7829583129,"H.No. 24
Gupta Ganj
Hazaribagh-619208",Hazaribagh,Jharkhand
401,Mugdha,Gole,yuvrajramakrishnan@example.net,91 9000000151,"59, Sagar Ganj, Hindupur 270109",Sagar Ganj,Andhra Pradesh
402,Libni,Bhavsar,chadagopal@example.org,91 9000000152,"23, Garg Circle, Orai-927213",Orai,Uttar Pradesh
403,Gavin,Sankar,ekaja77@example.com,575807219,"53/330, Maharaj Path
Rajahmundry 117141",Maharaj Path,Andhra Pradesh
404,Hiral,Menon,balvan43@example.org,91 9000000153,"02/85
Hans Road
Kalyan-Dombivli-977984",Dombivli,Maharashtra
405,Ijaya,Sankaran,anmol34@example.com,91 9000000154,"20/846, Gera Street, Rohtak 359491",Gera Street,Haryana
406,Chatura,Rajagopalan,daksheshpandey@example.com,946864917,"H.No. 017, Mukherjee
Thanjavur 540523",Mukherjee,Tamil Nadu
407,Shivani,Char,tankqasim@example.com,5223049237,"43/28
Prasad Chowk
Morena-661355",Morena,Madhya Pradesh
408,Laban,Dutta,georgeaurora@example.com,91 9000000155,"H.No. 300
Narayanan Street, Bhagalpur 005366",Narayanan Street,Bihar
409,Lila,Sengupta,nadkarniranbir@example.net,4856050035,"H.No. 973
Patel Ganj
Proddatur-224660",Proddatur,Andhra Pradesh
410,Amara,Luthra,yashasvi29@example.com,91 9000000156,"65, Khatri Path, Srikakulam 490729",Khatri Path,Andhra Pradesh
411,Azad,Sha,dayalradhika@example.net,91 9000000157,"788
Bhatt Road, Fatehpur-163041",Fatehpur,Uttar Pradesh
412,Luke,Seth,banikbaljiwan@example.org,419593662,"69/95, Morar Chowk, Nizamabad-960466",Nizamabad,Telangana
413,Alexander,Devan,rastoginidra@example.net,3578434188,"679, Kurian Circle, Jamshedpur 042566",Kurian Circle,Jharkhand
414,Utkarsh,Ramesh,amanda@example.com,3503661216,"74, Toor Nagar
Kolkata-823800",Kolkata,West Bengal
415,Bimala,Nagarajan,gavinbehl@example.net,7387290144,"H.No. 964, Brahmbhatt Path
Hyderabad-308824",Hyderabad,Telangana
416,Luke,Tara,mugdhadhar@example.net,417530687,"26/48, Tiwari Ganj
Thane-991980",Thane,Maharashtra
417,Yashoda,Varma,aashiminhas@example.com,8169215544,"36, Mammen, Lucknow 702887",Mammen,Uttar Pradesh
418,Gaurang,Nori,mjoshi@example.net,7778069063,"33
Sura Marg
Gandhidham 949455",Sura Marg,Gujarat
419,Gaurangi,Chad,ydoctor@example.net,91 9000000158,"43, Srinivas Marg, Mirzapur-198863",Mirzapur,Uttar Pradesh
420,Aayush,Sinha,binasabharwal@example.com,2677581675,"H.No. 542, Sachar Road, Guntakal-422102",Guntakal,Andhra Pradesh
421,Yagnesh,Jani,patlaakshay@example.com,91 9000000159,"789, Dutta Road, Korba 945284",Dutta Road,Chhattisgarh
422,Jeet,Chander,chaudhrymegha@example.org,91 9000000160,"H.No. 29
Gade Street
Maheshtala 199965",Gade Street,West Bengal
423,Zilmil,Varma,dubeygautami@example.org,91 9000000161,"747
Dugal Ganj, Asansol 834526",Dugal Ganj,West Bengal
424,Jonathan,Baral,girik02@example.com,6805759805,"16/38, Krishnamurthy Chowk, Saharsa-133066",Saharsa,Bihar
425,Falan,Chakrabarti,deofiyaz@example.net,7382035786,"79/012
Misra Road, Muzaffarnagar 666853",Misra Road,Uttar Pradesh
426,Nachiket,Bali,sarkarpratyush@example.net,5914109175,"95/00
Bandi Circle
Mahbubnagar 694580",Bandi Circle,Telangana
427,Darpan,Kumer,banerjeehenry@example.com,91 9000000162,"49
Kalla, Korba-639085",Korba,Chhattisgarh
428,Eshana,Rau,parekhmahika@example.com,9706240287,"59, Sachar Road, Tirunelveli-451431",Tirunelveli,Tamil Nadu
429,Chandran,Rajagopalan,ravichatura@example.net,6656000020,"H.No. 676, Singhal Circle
Vijayawada 984730",Singhal Circle,Andhra Pradesh
430,Mekhala,Amble,dewanzansi@example.net,9718626618,"H.No. 222
Gulati Circle, Nashik 427749",Gulati Circle,Maharashtra
431,Kavya,Kari,ishaan10@example.net,4372119745,"51/166, Goel
Thoothukudi 483710",Goel,Tamil Nadu
432,Ijaya,Shan,mandacaleb@example.com,6924483700,"22/380
Mander Marg, Davanagere-715491",Davanagere,Karnataka
433,Ansh,Bedi,fsethi@example.org,91 9000000163,"844, Tailor Nagar, Bhopal-883468",Bhopal,Madhya Pradesh
434,Aayush,Shah,warinder85@example.org,91 9000000164,"H.No. 936
Gara
Jalandhar-299398",Jalandhar,Punjab
435,Leena,Kamdar,jpalan@example.org,91 9000000165,"H.No. 959, Mukherjee Nagar, Nizamabad-721898",Nizamabad,Telangana
436,Yauvani,Gara,harishsaran@example.net,2946566253,"59/59, Halder Circle
Singrauli 999567",Halder Circle,Madhya Pradesh
437,Victor,Magar,choudharytamanna@example.com,5207112130,"H.No. 593, Ratti Zila
Ambattur-441806",Ambattur,Tamil Nadu
438,Shivansh,Kothari,lilabhagat@example.org,2396718724,"H.No. 366
Jha Chowk
Erode 542719",Jha Chowk,Tamil Nadu
439,Yauvani,Behl,chanakya76@example.net,7128895816,"H.No. 50
Sarma Zila, Khora  370690",Sarma Zila,Uttar Pradesh
440,Rachana,Seth,vohranaveen@example.org,4799274089,"885
Krish, Vellore-878076",Vellore,Tamil Nadu
441,Zayan,Chawla,dharijaya@example.net,91 9000000166,"H.No. 535
Kade Path, Hubli–Dharwad 243151",Kade Path,Karnataka
442,Jonathan,Taneja,azaan25@example.net,6346972865,"915
Chacko Chowk
Bijapur 107892",Chacko Chowk,Karnataka
443,Chavvi,Hayer,nakul25@example.net,1098375952,"32/86, Wagle Chowk, Nizamabad 534054",Wagle Chowk,Telangana
444,Falan,Dada,kissac@example.net,6047714587,"89, Mital
Tiruchirappalli-036675",Tiruchirappalli,Tamil Nadu
445,Upma,Sood,zaitrabora@example.com,7565228009,"H.No. 30
Srinivasan Chowk, Akola-651174",Akola,Maharashtra
446,Qarin,Gour,goleaarnav@example.com,91 9000000167,"08/49, Viswanathan Road
Bellary-322114",Bellary,Karnataka
447,Darsh,Gokhale,mittalkaran@example.com,2146824765,"849
Shroff Zila, Munger 022559",Shroff Zila,Bihar
448,Anamika,Gala,rachita14@example.net,91 9000000168,"23/61, Barad Path
Amravati 039321",Barad Path,Maharashtra
449,Lavanya,Nadkarni,fchaudhari@example.org,2425421599,"62/36
Rama Marg
Jodhpur 107234",Rama Marg,Rajasthan
450,Ronith,Kurian,cgade@example.org,7175968910,"69
Jaggi Zila
Korba 850287",Jaggi Zila,Chhattisgarh
451,Aarna,Narasimhan,tandonguneet@example.org,1811698062,"458
Purohit
Vellore 530429",Purohit,Tamil Nadu
452,Champak,Mall,champak65@example.com,91 9000000169,"15/28, Ramakrishnan Zila
Jamalpur-966874",Jamalpur,Bihar
453,Balhaar,Mital,urishilla66@example.org,91 9000000170,"H.No. 892
Raman Street
Bikaner 773610",Raman Street,Rajasthan
454,Barkha,Iyer,nnatt@example.net,91 9000000171,"60
Palan Marg, Raipur-107632",Raipur,Chhattisgarh
455,Mekhala,Goswami,samiorinder@example.net,1989841532,"71/461
Halder Road
Shahjahanpur 501354",Halder Road,Uttar Pradesh
456,Tanish,Bahri,bassichameli@example.net,4428143653,"270
Rajagopalan Street, Aurangabad 704031",Rajagopalan Street,Maharashtra
457,Vasana,Tailor,tchacko@example.net,5193289653,"41
Sachar Nagar
Amritsar 082668",Sachar Nagar,Punjab
458,Wridesh,Srivastava,ijaggi@example.org,91 9000000172,"261
Bhatti Chowk
Bhavnagar 710114",Bhatti Chowk,Gujarat
459,Fiyaz,Prakash,samuelganguly@example.com,5489820468,"01
Subramanian Street
Satara 822201",Subramanian Street,Maharashtra
460,Nakul,Nadkarni,bajwajasmit@example.com,7714355135,"H.No. 95, Bal Chowk
Motihari-218792",Motihari,Bihar
461,Anjali,Pandya,mdora@example.net,2144137834,"H.No. 303, Raja Marg, Bidhannagar 398690",Raja Marg,West Bengal
462,Ishwar,Sachar,kavya78@example.com,9167147912,"H.No. 19
Madan Path
Jalgaon 663392",Madan Path,Maharashtra
463,Chavvi,Agrawal,tbhalla@example.com,6202095058,"179
Hayre Chowk, Ahmedabad-219988",Ahmedabad,Gujarat
464,Dayamai,Sama,horaneel@example.com,818842039,"74/01
Palla
Thanjavur 861660",Palla,Tamil Nadu
465,Bahadurjit,Gour,naksh47@example.org,91 9000000173,"H.No. 02, Batta Street, Dhanbad 263247",Batta Street,Jharkhand
466,Amol,Muni,swamylucky@example.com,9010529800,"H.No. 479, Amble Circle, Buxar 120575",Amble Circle,Bihar
467,Bhanumati,Viswanathan,duagopal@example.net,2379120578,"H.No. 646
Jayaraman Nagar
Khandwa-390076",Khandwa,Madhya Pradesh
468,Unni,Wable,ykaul@example.org,969673684,"307, Narain Road, Sri Ganganagar-962053",Sri Ganganagar,Rajasthan
469,Harsh,Swaminathan,bhattrachana@example.com,1184978078,"39/588, Rajagopalan Ganj
Tadipatri 466513",Rajagopalan Ganj,Andhra Pradesh
470,Yash,Venkataraman,eshana31@example.org,8445649082,"H.No. 187, Bhatt Road, Gurgaon 013643",Bhatt Road,Haryana
471,Girish,Seth,yoshitabrahmbhatt@example.org,1836000400,"828
Kalla Zila, South Dumdum-734364",South Dumdum,West Bengal
472,Ekansh,Koshy,paldaniel@example.org,4652584420,"516
Sahota Chowk
Guna 854943",Sahota Chowk,Madhya Pradesh
473,Keya,Pillay,palvasatika@example.com,91 9000000174,"79/729
Dave, Uluberia-103225",Uluberia,West Bengal
474,Irya,Garg,csood@example.com,1366759915,"55/01, Raval Street
Bhimavaram 038991",Raval Street,Andhra Pradesh
475,Mahika,Mitter,gaganuppal@example.net,91 9000000175,"411, Baria Street, Belgaum 354086",Baria Street,Karnataka
476,Hredhaan,Bhattacharyya,ishaniradhakrishnan@example.net,3878516043,"80
Sharaf Chowk, Chandigarh-631654",Chandigarh,Chandigarh
477,Shaurya,Cherian,nagiedhitha@example.net,91 9000000176,"76/36
Radhakrishnan Ganj
Bokaro 155644",Radhakrishnan Ganj,Jharkhand
478,Arin,Zacharia,aarnav52@example.com,91 9000000177,"97, Prabhakar Ganj
Mango 053741",Prabhakar Ganj,Jharkhand
479,Ansh,Sarna,upmaparmar@example.org,9309935374,"H.No. 314, Sami Circle
Kochi-769870",Kochi,Kerala
480,Yauvani,Sandal,shaanya@example.org,7744687530,"H.No. 286
Sheth, Tiruppur 926846",Sheth,Tamil Nadu
481,Ikbal,Randhawa,triveni24@example.net,91 9000000178,"H.No. 50
Mangal Marg, Hazaribagh-349168",Hazaribagh,Jharkhand
482,Jasmit,Cherian,devikasahni@example.com,8223762275,"32/47
Garg Ganj, Akola 691069",Garg Ganj,Maharashtra
483,Sanaya,Vaidya,karperaagini@example.net,91 9000000179,"796
Lad Circle
Rajkot 007381",Lad Circle,Gujarat
484,Ayaan,Gopal,ekaja99@example.net,6382855548,"27/174
Majumdar Circle, Orai 587546",Majumdar Circle,Uttar Pradesh
485,Darika,Sankar,venkateshanmol@example.net,8043727571,"H.No. 532
Sarraf Street, Cuttack-798505",Cuttack,Odisha
486,Bhavya,Kannan,timothyloke@example.com,91 9000000180,"66/000
Tailor Marg, Nadiad-607985",Nadiad,Gujarat
487,Mahika,Deshmukh,qarin36@example.org,91 9000000181,"37/898, Naidu Chowk, Kavali-243425",Kavali,Andhra Pradesh
488,Pallavi,Gaba,qushisinha@example.net,91 9000000182,"H.No. 89
Memon Chowk
Ambala 162167",Memon Chowk,Haryana
489,Warhi,Bava,duaveda@example.org,91 9000000183,"H.No. 81
Rattan Street, Jalna-124648",Jalna,Maharashtra
490,Vanya,Acharya,neel95@example.net,91 9000000184,"25
Mitra Zila, Sultan Pur Majra-233688",Sultan Pur Majra,Delhi
491,Tanvi,Borah,lgrewal@example.org,91 9000000185,"67
Mutti Chowk, Patna-878616",Patna,Bihar
492,Chakradhar,Deshpande,abeerbalakrishnan@example.com,2881929984,"H.No. 602
Chakrabarti Zila, Solapur 678991",Chakrabarti Zila,Maharashtra
493,Amruta,Lall,horamegha@example.com,3910199704,"92/071, Tripathi Ganj, Bhubaneswar 874484",Tripathi Ganj,Odisha
494,Lajita,Gandhi,vihaanraja@example.com,91 9000000186,"790, Sarna Zila
Machilipatnam 647417",Sarna Zila,Andhra Pradesh
495,Timothy,Singh,hamsinitank@example.org,6009441753,"78/23
Ramachandran Chowk
Dehri-346498",Dehri,Bihar
496,Ayaan,Raghavan,damyanti91@example.org,91 9000000187,"69/27
Deshmukh Street
Moradabad-236064",Moradabad,Uttar Pradesh
497,Robert,Narayan,vidhi00@example.com,91 9000000188,"H.No. 520
Palan Marg, Tirunelveli-581314",Tirunelveli,Tamil Nadu
498,Anirudh,Tara,banjeetprabhakar@example.org,2373657685,"H.No. 560
Biswas Circle
Kottayam 652010",Biswas Circle,Kerala
499,Nakul,Ramachandran,rajagopalanviraj@example.com,91 9000000189,"H.No. 85, Rao
Rohtak 141690",Rao,Haryana
500,Azad,Ravi,bishakha09@example.org,91 9000000190,"728, Zachariah Circle, Chandrapur-478829",Chandrapur,Maharashtra
501,Tanmayi,Lad,ucchalshankar@example.com,91 9000000191,"87/36, Chaudhari, Mau-141919",Mau,Uttar Pradesh
502,Max,Bhat,seshadridalbir@example.net,91 9000000192,"773
Master, Bhalswa Jahangir Pur 811115",Master,Delhi
503,Yashawini,Yohannan,lsinghal@example.org,4031713658,"60
Subramanian
Deoghar-013108",Deoghar,Jharkhand
504,Ekanta,Khare,watikagupta@example.com,4452057614,"H.No. 652
Chaudhari Ganj, Alappuzha-931849",Alappuzha,Kerala
505,Samaksh,Nanda,yashodhara34@example.net,1690042666,"19/522, Solanki Ganj, Nagaon 804890",Solanki Ganj,Assam
506,Lipika,Sant,lakshhayre@example.com,91 9000000193,"35/22, Manda Ganj, Silchar-714205",Silchar,Assam
507,Tristan,Radhakrishnan,zkata@example.com,91 9000000194,"H.No. 81
Barad Street
Bhiwani 128829",Barad Street,Haryana
508,Pratyush,Dhar,prisha43@example.org,517361699,"86
Mane, Guwahati-410154",Guwahati,Assam
509,Nidhi,Chauhan,jai60@example.net,6887274249,"19
Anand Marg
Proddatur-968348",Proddatur,Andhra Pradesh
510,Thomas,Edwin,chandani62@example.com,4057820657,"35/531, Gala Circle
Ujjain 654763",Gala Circle,Madhya Pradesh
511,George,Lala,vedant09@example.net,8899628145,"190, Bawa, Aligarh 077275",Bawa,Uttar Pradesh
512,Yatan,Pingle,cpau@example.org,3458399244,"70/961
Garg Nagar
Katni 048759",Garg Nagar,Madhya Pradesh
513,Ishanvi,Goel,bgrover@example.net,91 9000000195,"49, Goel Road
Malegaon 235480",Goel Road,Maharashtra
514,Abhiram,Suresh,abhiram46@example.net,91 9000000196,"110, Dhillon Ganj
Firozabad 757923",Dhillon Ganj,Uttar Pradesh
515,Neelima,Parmar,chaitaly48@example.com,7759903719,"94/09, Amble Chowk, Gopalpur-098822",Gopalpur,West Bengal
516,Manan,Randhawa,harita94@example.net,91 9000000197,"45/645, Lanka Zila
Tiruchirappalli 026823",Lanka Zila,Tamil Nadu
517,Bimala,Narasimhan,kai46@example.com,7015577113,"93
Thakkar Nagar, Durgapur-077810",Durgapur,West Bengal
518,Kai,Sengupta,ikshita50@example.org,91 9000000198,"14
Srinivas Road
Navi Mumbai-203472",Navi Mumbai,Maharashtra
519,Logan,Wadhwa,kapooralexander@example.org,8015209625,"279
Ganesan Chowk, Jammu 471172",Ganesan Chowk,Jammu and Kashmir
520,Omaja,Parmer,sarkarhenry@example.net,5074390821,"493
Vasa Road, Howrah 562950",Vasa Road,West Bengal
521,Watika,Walla,esom@example.net,1577761507,"996
Kuruvilla Road, Dhule-506543",Dhule,Maharashtra
522,Vedika,Chana,harish13@example.com,91 9000000199,"H.No. 862, Borde Zila, Guntakal 524897",Borde Zila,Andhra Pradesh
523,Harsh,Manda,lohit01@example.net,91 9000000200,"H.No. 33
Mishra Chowk
Kota 099941",Mishra Chowk,Rajasthan
524,Ishita,Doctor,anmolbehl@example.net,6946715354,"H.No. 16
Lanka Street
Akola-546275",Akola,Maharashtra
525,Vamakshi,Pillay,tanveerkalla@example.org,91 9000000201,"82
Mital Nagar, Vasai-Virar-365305",Virar,Maharashtra
526,Yochana,Rajagopal,wborde@example.com,91 9000000202,"376
Krishnamurthy Marg
Nagaon-524671",Nagaon,Assam
527,Saksham,Pandya,irabhattacharyya@example.org,471204979,"56/204, Gole Circle, Nellore 490511",Gole Circle,Andhra Pradesh
528,Zehaan,Menon,unnati22@example.net,91 9000000203,"H.No. 94, Dada Ganj
Gaya-435497",Gaya,Bihar
529,Faraj,Aggarwal,maanavdugar@example.org,1253590102,"98/41
Dani Path
Medininagar 636059",Dani Path,Jharkhand
530,Zehaan,Pingle,anushasalvi@example.net,91 9000000204,"H.No. 80
Patil Circle, Gandhinagar-810309",Gandhinagar,Gujarat
531,Shaurya,Goda,vasatika68@example.com,708972376,"H.No. 073
Contractor Circle, Ballia 427049",Contractor Circle,Uttar Pradesh
532,Theodore,Balakrishnan,vandra@example.net,5323876163,"271, Oak Road
Bikaner 285378",Oak Road,Rajasthan
533,Amaira,Mittal,nrao@example.net,91 9000000205,"H.No. 592, Kala Path, Imphal-178670",Imphal,Manipur
534,Vedika,Kapur,rajeshri10@example.net,3324539853,"12, Apte Chowk, Hajipur 461744",Apte Chowk,Bihar
535,Teerth,Chaudhary,goswamisamuel@example.net,6796019956,"H.No. 68, Prashad Marg
Shimla-385913",Shimla,Himachal Pradesh
536,Omya,Choudhary,pdivan@example.com,5063234739,"H.No. 693, Sarna Zila, Jalna-917026",Jalna,Maharashtra
537,Lekha,Raman,ikbal00@example.net,91 9000000206,"H.No. 589
Seth Marg, Berhampore 488551",Seth Marg,West Bengal
538,Hitesh,Soman,jonathan03@example.com,91 9000000207,"47/189, Murthy Street
Latur 241751",Murthy Street,Maharashtra
539,Hemangini,Sampath,thomas93@example.org,2604901600,"95/66
Lad Path
Dehri-033512",Dehri,Bihar
540,Omaja,Sarma,veda82@example.com,7200994011,"H.No. 97, Ramanathan
Karaikudi-998628",Karaikudi,Tamil Nadu
541,Hemani,Tak,vasatikakorpal@example.com,262288351,"H.No. 30, Manda Ganj
Sultan Pur Majra-088611",Sultan Pur Majra,Delhi
542,Vritti,Bali,omrayaan@example.com,91 9000000208,"38, Misra Chowk
Nandyal-701140",Nandyal,Andhra Pradesh
543,Frederick,Sandal,ysundaram@example.com,91 9000000209,"H.No. 80, Sachdeva Marg
Phagwara-198624",Phagwara,Punjab
544,Advik,Anand,darsh03@example.com,91 9000000210,"63/829
Naik, Barasat-189053",Barasat,West Bengal
545,Ekaraj,Keer,cvirk@example.org,5931247286,"49/239
Iyengar Path
Mehsana 101744",Iyengar Path,Gujarat
546,Riya,Sidhu,oliver12@example.net,6751354757,"02/039
Bandi Marg, Ramgarh-004286",Ramgarh,Jharkhand
547,Mugdha,Halder,tchandra@example.org,91 9000000211,"492, Mistry Path
Saharanpur 083678",Mistry Path,Uttar Pradesh
548,Aradhana,Mangal,unnatikaran@example.net,8716888644,"36/20, Krishna Chowk
Patiala-627892",Patiala,Punjab
549,Gaurang,Gill,savantisha@example.org,91 9000000212,"H.No. 93
Pillai Ganj
Muzaffarpur 737355",Pillai Ganj,Bihar
550,Jason,Murthy,nathan60@example.org,91 9000000213,"H.No. 950, Nanda Zila, Giridih-811631",Giridih,Jharkhand
551,Udant,Gopal,wkakar@example.com,499317591,"H.No. 197
Menon
Tenali-410230",Tenali,Andhra Pradesh
552,Reyansh,Vasa,falannori@example.net,8413677594,"31
Chana Ganj, Siliguri-361784",Siliguri,West Bengal
553,Urishilla,Saraf,saksham10@example.net,7478767487,"H.No. 84
Kale Circle, Jalgaon-667272",Jalgaon,Maharashtra
554,Isha,Sabharwal,kashvi67@example.net,6505191159,"21/821, Garg Ganj
Raipur 594704",Garg Ganj,Chhattisgarh
555,Abha,Wali,aayushkoshy@example.net,6437755907,"H.No. 964, Batta Ganj, Amroha-114633",Amroha,Uttar Pradesh
556,Faraj,Bassi,gmitra@example.org,1316316087,"24
Iyer Marg
Chandrapur-152395",Chandrapur,Maharashtra
557,Umang,Kapur,adey@example.net,7923917485,"H.No. 52
Dugal Marg
Bareilly 355985",Dugal Marg,Uttar Pradesh
558,Balhaar,Mohan,banjeet75@example.com,91 9000000214,"88
Dora Road
Ongole 270745",Dora Road,Andhra Pradesh
559,Ayush,Apte,devansh87@example.net,9529536669,"78/44, Bhandari Marg, Mangalore-887955",Mangalore,Karnataka
560,Shivansh,Bumb,urishilla44@example.com,3384920158,"H.No. 046, Bhatt Zila, Baranagar-494004",Baranagar,West Bengal
561,Irya,Tank,viswanathanneel@example.net,91 9000000215,"H.No. 733, Manne
Bhilai-196118",Bhilai,Chhattisgarh
562,Gavin,Mall,fwable@example.net,91 9000000216,"H.No. 685
Bora Street, Guntur 453461",Bora Street,Andhra Pradesh
563,Eesha,Tara,yauvanibanerjee@example.com,9219785923,"53
Shere Road, Meerut-999387",Meerut,Uttar Pradesh
564,Nicholas,Virk,xaviersood@example.com,91 9000000217,"H.No. 06
Korpal Nagar
Mangalore 452417",Korpal Nagar,Karnataka
565,Zaid,Khanna,dsani@example.net,91 9000000218,"651, Kaul Street
Chinsurah-229430",Chinsurah,West Bengal
566,Kabir,Kashyap,jmanne@example.net,91 9000000219,"74, Kant Nagar, Medininagar-144725",Medininagar,Jharkhand
567,Jairaj,Madan,choudharyraghav@example.net,91 9000000220,"00/69
Rajan Zila
Bokaro-765144",Bokaro,Jharkhand
568,Parth,Mani,munshihritik@example.com,1885031684,"H.No. 55, Upadhyay Road, Belgaum-838248",Belgaum,Karnataka
569,Daksh,Dubey,vasahemani@example.com,91 9000000221,"465
Bajaj, Yamunanagar 686354",Bajaj,Haryana
570,Leela,Barad,kamya59@example.org,1301998210,"73/47, Chand Ganj, Mathura-561720",Mathura,Uttar Pradesh
571,Ekansh,Golla,qarin11@example.com,5288081323,"H.No. 44
Sunder Road, Sri Ganganagar-384698",Sri Ganganagar,Rajasthan
572,Siya,Garde,parikhdarsh@example.com,1636008905,"H.No. 812, Mukherjee Marg, Jaipur-390241",Jaipur,Rajasthan
573,Nihal,Dhingra,aadhyade@example.org,7057523835,"990
Sule Street, Maheshtala 410884",Sule Street,West Bengal
574,Tanmayi,Baral,chanchalzacharia@example.org,3785383554,"97/08, Varma Chowk
Kavali 059449",Varma Chowk,Andhra Pradesh
575,Yatin,Kant,brinda25@example.com,91 9000000222,"H.No. 652
Dora Zila
Karaikudi-178380",Karaikudi,Tamil Nadu
576,Xalak,Sahni,ganesanchasmum@example.org,3607327550,"31/927, Kant Ganj, Saharsa-979541",Saharsa,Bihar
577,Charles,Ramanathan,keerqadim@example.org,7153623511,"97/068
Sampath Zila
Ramagundam-859502",Ramagundam,Telangana
578,Qasim,Warrior,kbhatti@example.net,9661772530,"87/446
Kamdar Chowk
Durgapur 624620",Kamdar Chowk,West Bengal
579,Meghana,Bakshi,ekbal19@example.org,91 9000000223,"H.No. 55
Patla Ganj
Sambhal 987440",Patla Ganj,Uttar Pradesh
580,Varenya,Chokshi,radha70@example.org,927711218,"H.No. 45
Varty Circle, Kottayam 613904",Varty Circle,Kerala
581,Madhav,Chakrabarti,upma06@example.com,91 9000000224,"79/529
Parsa Zila
Akola 699265",Parsa Zila,Maharashtra
582,Irya,Kumer,dgarde@example.org,91 9000000225,"54
Yadav Path, Kulti 506707",Yadav Path,West Bengal
583,Raghav,Sane,jagdish86@example.com,91 9000000226,"570
Dara Street, Chennai-240844",Chennai,Tamil Nadu
584,Tanveer,Pant,mohinijoshi@example.org,4615376252,"38
Bhalla Nagar
Vellore 943412",Bhalla Nagar,Tamil Nadu
585,Divya,Aggarwal,neelimahanda@example.org,91 9000000227,"741, Tara Chowk
Tinsukia 402305",Tara Chowk,Assam
586,Ayushman,Naik,nattgeetika@example.net,8264792641,"03
Kumer Circle, Ludhiana 610881",Kumer Circle,Punjab
587,Udant,Talwar,surimanbir@example.net,91 9000000228,"97, Nori Chowk
Junagadh-418523",Junagadh,Gujarat
588,Brinda,Khosla,dbalay@example.com,91 9000000229,"116, Subramaniam Chowk, Nashik 586562",Subramaniam Chowk,Maharashtra
589,Priya,Gala,iprashad@example.org,3987800293,"76/27, Ramesh Street, Dewas 411474",Ramesh Street,Madhya Pradesh
590,Reva,Khalsa,gokhaleyahvi@example.com,508832551,"83
Sura Marg
Karimnagar 445642",Sura Marg,Telangana
591,Charita,Aurora,brao@example.net,5113495654,"H.No. 12
Balan Path
Berhampore 331521",Balan Path,West Bengal
592,Rushil,Modi,gsubramanian@example.org,91 9000000230,"33, Bajwa Zila, Panvel 525760",Bajwa Zila,Maharashtra
593,Tanveer,Mann,teerthben@example.com,91 9000000231,"72/858, Dhar Road
Imphal 138352",Dhar Road,Manipur
594,Vedika,Saxena,bhanumatibedi@example.org,8627927217,"99/98, Saran Zila, Asansol-499915",Asansol,West Bengal
595,Tanay,Bandi,charles77@example.com,91 9000000232,"85/07, Bains Street
Baranagar-184179",Baranagar,West Bengal
596,Hiral,Rajagopal,michael71@example.org,2340525813,"H.No. 576, Chacko
Haridwar 072973",Chacko,Uttarakhand
597,Reyansh,Shroff,kashvi59@example.com,2895448167,"H.No. 431, Chopra Marg
Ujjain-177495",Ujjain,Madhya Pradesh
598,Manbir,Krishnan,devanganga@example.com,91 9000000233,"225, Baral Zila
Hindupur-556597",Hindupur,Andhra Pradesh
599,Radha,Vaidya,whari@example.org,9541260540,"59/122, Radhakrishnan Circle, Alappuzha-713750",Alappuzha,Kerala
600,Ranveer,Badami,deochampak@example.org,91 9000000234,"46/85
Jayaraman Zila, Bhubaneswar-564359",Bhubaneswar,Odisha
601,Harsh,Bhavsar,nisha98@example.com,91 9000000235,"20/423, Rai Road, Allahabad-315709",Allahabad,Uttar Pradesh
602,Nirja,Chopra,warinder50@example.com,3215327407,"27, Barad Street
Ghaziabad 453530",Barad Street,Uttar Pradesh
603,Ucchal,Mahal,henrydate@example.com,91 9000000236,"29/83
Hans Street
Jaunpur 461559",Hans Street,Uttar Pradesh
604,Krishna,Lalla,rehaan03@example.org,6455327946,"841
Parsa Path, Jamshedpur 813912",Parsa Path,Jharkhand
605,Teerth,Khare,aarnav22@example.net,2659023243,"840
Kale Chowk
Kavali 069627",Kale Chowk,Andhra Pradesh
606,Caleb,Agate,luke59@example.net,1322996789,"66/13
Kakar Ganj, Ongole-327878",Ongole,Andhra Pradesh
607,Mohammed,Majumdar,saumya30@example.com,91 9000000237,"24
Munshi Ganj
Kolkata 073718",Munshi Ganj,West Bengal
608,Bhavya,Modi,agrawalkalpit@example.org,5280697239,"37
Verma Circle, Cuttack 784616",Verma Circle,Odisha
609,Pranav,Deep,idika22@example.org,5221366946,"565, Contractor Circle
Gangtok-581226",Gangtok,Sikkim
610,Priya,Mander,joshianika@example.net,5287167503,"455
Kothari Nagar, Kavali 358785",Kothari Nagar,Andhra Pradesh
611,Samesh,Bains,aaditak@example.com,91 9000000238,"H.No. 85
Gulati Road, Morbi 350168",Gulati Road,Gujarat
612,Ekta,Narain,abha66@example.org,91 9000000239,"80, Bail Path
Rajkot 127025",Bail Path,Gujarat
613,Gaurav,Uppal,odatta@example.com,952198999,"26/104, Cheema Path
Aizawl 970696",Cheema Path,Mizoram
614,Tanmayi,Chand,mahikadeol@example.org,6848222248,"66/024, Dua Chowk
Jalandhar-776367",Jalandhar,Punjab
615,Luke,Panchal,timothy34@example.org,320091795,"28/228, Acharya Ganj
Karimnagar 959746",Acharya Ganj,Telangana
616,Hemangini,Rai,merchantsimon@example.org,9346548368,"619
Mukherjee Road, Dewas-221203",Dewas,Madhya Pradesh
617,Tristan,Ratta,rameshvedant@example.org,91 9000000240,"70
Chacko Circle, Alappuzha-256553",Alappuzha,Kerala
618,Vidhi,Chahal,banjeet65@example.net,1652427611,"H.No. 75
Suri Nagar
Kharagpur 806604",Suri Nagar,West Bengal
619,Balendra,Sundaram,korpalgirish@example.org,4156663540,"H.No. 64, Rastogi Path
Gaya 633710",Rastogi Path,Bihar
620,Banjeet,Sahota,osarkar@example.com,9029556732,"H.No. 52, Pandey Zila
Hazaribagh 424391",Pandey Zila,Jharkhand
621,Eta,Narain,qthaker@example.com,1504981399,"H.No. 672, Basak Marg
Kalyan-Dombivli-134947",Dombivli,Maharashtra
622,Jeremiah,Kala,keya85@example.com,91 9000000241,"H.No. 523, Agate Nagar
Burhanpur 759875",Agate Nagar,Madhya Pradesh
623,Ekantika,Sen,lataradhika@example.net,9238231521,"H.No. 559, Sankar Nagar, Anand-759884",Anand,Gujarat
624,Ira,Pai,rdhar@example.net,4463987246,"30/840, Pathak Circle
Ichalkaranji-105119",Ichalkaranji,Maharashtra
625,Jairaj,Raval,xsastry@example.net,91 9000000242,"189, Boase Ganj, Ranchi 332343",Boase Ganj,Jharkhand
626,Arin,Raman,anusha80@example.org,3289526001,"91/702
Chadha, Kanpur-100010",Kanpur,Uttar Pradesh
627,Indira,Dhaliwal,januja43@example.net,3046135426,"H.No. 85, Hayre Circle
Suryapet-478237",Suryapet,Telangana
628,George,Dhillon,tanmayi86@example.org,91 9000000243,"80/49, Dara Street, New Delhi 558750",Dara Street,Delhi
629,Bhanumati,Virk,jkar@example.org,91 9000000244,"562
Sahni Chowk
Barasat-859018",Barasat,West Bengal
630,Isaiah,Bahl,dubebrijesh@example.net,9187658970,"41/379
Rana, Bhagalpur 941889",Rana,Bihar
631,Sudiksha,Om,brahmbhattbalhaar@example.net,91 9000000245,"827
Patil Nagar
Bhimavaram 315020",Patil Nagar,Andhra Pradesh
632,Shivansh,Swaminathan,chowdhuryxiti@example.com,5824134463,"74/26
Oza Chowk, Bardhaman 257012",Oza Chowk,West Bengal
633,Umang,Dhingra,robertbava@example.net,5302701229,"528, Loyal Marg, Indore 840285",Loyal Marg,Madhya Pradesh
634,Chanakya,Chaudhari,cparsa@example.org,934055255,"H.No. 19
Chana Chowk
Bhagalpur 698909",Chana Chowk,Bihar
635,Jagat,Mane,tkhanna@example.net,91 9000000246,"602
Ganesan Marg
Ambala 648026",Ganesan Marg,Haryana
636,Lakshmi,Wable,prisha71@example.com,5687762189,"H.No. 938
Shenoy Circle, Thane 885867",Shenoy Circle,Maharashtra
637,Raagini,Prakash,nandini27@example.org,8383282889,"612, Soman Nagar
Pune 066138",Soman Nagar,Maharashtra
638,Harinakshi,Jha,chakradharshetty@example.net,91 9000000247,"94/172, Subramanian Circle, Hospet 356487",Subramanian Circle,Karnataka
639,Bimala,Shukla,chahalqushi@example.com,1685317277,"32/592, Gaba Path, Satna-168895",Satna,Madhya Pradesh
640,Tara,Ramachandran,edwinomkaar@example.net,3792415032,"22/465
Barad, Ambarnath 894482",Barad,Maharashtra
641,Upkaar,Kale,samesh12@example.com,9392516238,"94/718, Hayre Road
Bulandshahr-110692",Bulandshahr,Uttar Pradesh
642,Faris,More,alka01@example.org,925608842,"H.No. 911
Korpal Road, Bikaner 671815",Korpal Road,Rajasthan
643,Jeet,Sem,nadkarnigautami@example.org,4397813757,"47/782, Bera Zila
Eluru-530635",Eluru,Andhra Pradesh
644,Nandini,Sood,oagarwal@example.net,91 9000000248,"59/33, Mander Chowk
Gangtok 063970",Mander Chowk,Sikkim
645,Kamya,Pal,eshana19@example.org,9099538268,"H.No. 713
Bhalla Path, Proddatur-631295",Proddatur,Andhra Pradesh
646,Simon,Sidhu,sanaya27@example.org,3425245826,"H.No. 33
Sastry, Vadodara 655911",Sastry,Gujarat
647,Raghav,Batra,garayatin@example.net,91 9000000249,"99
Dugal Marg
Medininagar-547618",Medininagar,Jharkhand
648,Bhanumati,Edwin,vedika76@example.org,91 9000000250,"H.No. 864
Merchant Circle, Allahabad-807736",Allahabad,Uttar Pradesh
649,Dayita,Ray,devika35@example.org,91 9000000251,"39, Shanker Nagar, Coimbatore-992256",Coimbatore,Tamil Nadu
650,Megha,Rastogi,kalpit84@example.org,1286725501,"42, Venkatesh Path, Amroha 611612",Venkatesh Path,Uttar Pradesh
651,Vidhi,Kohli,hritik63@example.net,91 9000000252,"H.No. 005
Hora Chowk, Chandigarh 580780",Hora Chowk,Chandigarh
652,Ria,Vohra,pallarobert@example.org,91 9000000253,"06/216
Balasubramanian Circle
Berhampur 043287",Balasubramanian Circle,Odisha
653,Ethan,Desai,radhakrishnananya@example.org,2900546910,"H.No. 332
Jhaveri Ganj
Anand 786583",Jhaveri Ganj,Gujarat
654,Girindra,Mall,kashvi12@example.net,840843132,"H.No. 020, Edwin Road, Anantapuram 748757",Edwin Road,Andhra Pradesh
655,Imaran,Das,ekajavarty@example.com,9586123148,"47/565
Saha, Serampore 285546",Saha,West Bengal
656,Lila,Sabharwal,kyohannan@example.net,3188689431,"64/69, Ravel Path, Serampore 271171",Ravel Path,West Bengal
657,Anmol,Mukherjee,onkar47@example.com,91 9000000254,"H.No. 95
Sachdeva Circle
Barasat 798513",Sachdeva Circle,West Bengal
658,Brijesh,Dara,deofinn@example.net,8578568269,"83
Roy Ganj
Nanded-788309",Nanded,Maharashtra
659,Ishita,Mall,odeol@example.net,9025372117,"70, Arora Zila, Secunderabad-016734",Secunderabad,Telangana
660,Wakeeta,Dua,gaurang46@example.com,91 9000000255,"29/08, Guha Nagar
Anand 638975",Guha Nagar,Gujarat
661,Tanay,Tiwari,bishakha99@example.com,91 9000000256,"772, Lalla Road, Bettiah-228251",Bettiah,Bihar
662,Jagat,Bora,theodore37@example.org,91 9000000257,"058
Keer Nagar, Imphal 582746",Keer Nagar,Manipur
663,Chaitanya,Singhal,murtybrijesh@example.net,91 9000000258,"644, Brahmbhatt
Mira-Bhayandar-687213",Bhayandar,Maharashtra
664,Jeet,Taneja,doshiaahana@example.net,7023578439,"99/967
Rastogi
Bhubaneswar 499897",Rastogi,Odisha
665,Qasim,Mital,kabir47@example.com,91 9000000259,"H.No. 40
Shenoy
Raipur-044926",Raipur,Chhattisgarh
666,Nitara,Dani,varkeybalendra@example.org,2019666683,"H.No. 269
Kaur Circle, Tezpur-365435",Tezpur,Assam
667,Lavanya,Bhasin,william36@example.com,91 9000000260,"08/40, Manda Nagar, Mango-588755",Mango,Jharkhand
668,Raagini,Saha,hkapur@example.com,91 9000000261,"148, Dutta Nagar, Morbi-877032",Morbi,Gujarat
669,Lila,Sarraf,subramanianlipika@example.org,91 9000000262,"69, Yohannan, Kochi-776388",Kochi,Kerala
670,Abdul,Singhal,vthakur@example.com,6018795240,"58/30, Morar Marg, Kadapa 080587",Morar Marg,Andhra Pradesh
671,Anya,Walia,lgrover@example.com,4401328723,"88
Doshi Path
Kamarhati 613943",Doshi Path,West Bengal
672,Gaurangi,Pingle,ykeer@example.com,91 9000000263,"480
Garde Nagar
Moradabad 879809",Garde Nagar,Uttar Pradesh
673,Chandresh,Oak,srinivasanonkar@example.net,91 9000000264,"23, Pradhan Road, Khora  313311",Pradhan Road,Uttar Pradesh
674,Fitan,Bose,riyathakkar@example.org,3069851986,"31/06
Goswami Nagar, Gandhidham 534332",Goswami Nagar,Gujarat
675,Nikita,Peri,isinha@example.com,1600151093,"473, Panchal Marg
Pondicherry-098800",Pondicherry,Puducherry
676,Jagrati,Sarkar,lopabhatnagar@example.org,91 9000000265,"H.No. 823, Tripathi Circle, Jhansi 919928",Tripathi Circle,Uttar Pradesh
677,Mohini,Vora,krishnadevan@example.com,91 9000000266,"01
Chopra Chowk, Tirupati-216929",Tirupati,Andhra Pradesh
678,Krishna,Parmer,wpai@example.net,91 9000000267,"528, Rai
Mumbai-658796",Mumbai,Maharashtra
679,Sudiksha,Sharaf,sanghvisamaksh@example.net,236181771,"429
Raju Road
Tinsukia-777395",Tinsukia,Assam
680,Chatura,Pai,gaurikasom@example.net,7320672619,"H.No. 47, Bumb Road, Tenali-679065",Tenali,Andhra Pradesh
681,Kamala,Goswami,sundaramnihal@example.com,2098280086,"H.No. 765
Sankaran Marg, Dhule-579455",Dhule,Maharashtra
682,Oscar,Shetty,fvarty@example.org,3827919210,"84/327
Dar
Asansol-177262",Asansol,West Bengal
683,Bhavna,Samra,naveen92@example.com,1826393043,"H.No. 181, Ramanathan, Aligarh-027183",Aligarh,Uttar Pradesh
684,Yachana,Banik,sameshbalay@example.org,7519611396,"79, Narain Road
Surat 785723",Narain Road,Gujarat
685,Naveen,Chandra,nachiketkalla@example.net,6817732400,"89/336
Nadig Path, Uluberia 471411",Nadig Path,West Bengal
686,Chakrika,Chadha,xsrivastava@example.org,5586475365,"H.No. 166, Handa Circle
Bahraich-560439",Bahraich,Uttar Pradesh
687,Netra,Wali,ereddy@example.net,232094736,"260
Basak Path, Tezpur-387093",Tezpur,Assam
688,Tanvi,Sura,zbatra@example.net,91 9000000268,"H.No. 86, Babu Chowk
Khammam-953762",Khammam,Telangana
689,Charles,Swamy,geetika80@example.org,2066826891,"327, Pingle
Morbi 287686",Pingle,Gujarat
690,Ubika,Vala,hbhavsar@example.net,6832818225,"57/52, Dash Chowk
Baranagar 862086",Dash Chowk,West Bengal
691,Banjeet,Cheema,lankajanuja@example.net,9477863163,"51/322, Bhasin
Farrukhabad-311432",Farrukhabad,Uttar Pradesh
692,Balhaar,Balay,fgrover@example.com,9275411345,"H.No. 60, Dubey Path, Shivpuri-315147",Shivpuri,Madhya Pradesh
693,Arjun,Kothari,dbali@example.net,740523505,"H.No. 41, Kant Street
Dindigul-768146",Dindigul,Tamil Nadu
694,Urvashi,Murty,ekavir84@example.org,1629205603,"H.No. 920
Dugar Chowk, Aligarh 144995",Dugar Chowk,Uttar Pradesh
695,Kamala,Sethi,rayaannath@example.org,91 9000000269,"44/30, Narula Chowk, Morbi-832021",Morbi,Gujarat
696,Peter,Bandi,tsule@example.org,2688579818,"256, Verma Marg
Kirari Suleman Nagar-306031",Kirari Suleman Nagar,Delhi
697,Vasana,Master,epandey@example.net,3823479246,"24/081
Gera Road
Jodhpur-178466",Jodhpur,Rajasthan
698,Ekavir,Chadha,khatriojas@example.net,5829865908,"23, Parmar Nagar
Ambala-103689",Ambala,Haryana
699,Adya,Sant,aryaisaiah@example.net,2048474467,"45/93, Kala Chowk
Parbhani 881120",Kala Chowk,Maharashtra
700,Yug,Atwal,chasmum89@example.com,91 9000000270,"H.No. 71, Mall Ganj, Sri Ganganagar-873115",Sri Ganganagar,Rajasthan
701,Amrita,Rama,anmolkaul@example.com,4998626624,"14, Sabharwal Nagar
Maheshtala-210482",Maheshtala,West Bengal
702,Lohit,Chakrabarti,bhatcaleb@example.org,3936760873,"H.No. 830, Dhawan Zila
Kulti 231241",Dhawan Zila,West Bengal
703,Aryan,Zacharia,lohit51@example.org,2672788922,"28/14, Sidhu Nagar, Jamalpur-884330",Jamalpur,Bihar
704,Harshil,Gala,sanaya78@example.com,91 9000000271,"37/651, Subramanian Marg
Mathura-440123",Mathura,Uttar Pradesh
705,Chanakya,Swaminathan,isaiahnair@example.org,6919006286,"H.No. 76
Chokshi Street
Orai 717398",Chokshi Street,Uttar Pradesh
706,Deepa,Bora,tnarain@example.net,91 9000000272,"804
Sem
Bardhaman 439391",Sem,West Bengal
707,Meghana,Oommen,brinda92@example.org,5164832926,"867
Lanka Chowk, Guwahati 208741",Lanka Chowk,Assam
708,Victor,Chaudhry,malhotraanjali@example.net,3443278550,"362
Rama Marg, Kulti-147420",Kulti,West Bengal
709,Wridesh,Dhingra,qushi82@example.org,91 9000000273,"H.No. 05, Nagy Nagar, Medininagar-683529",Medininagar,Jharkhand
710,Tejas,Nigam,chakrabartiveer@example.com,1989760985,"586
Walla Zila
Nadiad-884856",Nadiad,Gujarat
711,Aradhana,Pingle,fdevi@example.net,91 9000000274,"66
Panchal Road, Panchkula-163772",Panchkula,Haryana
712,Osha,Thaker,sachdevaekaraj@example.com,7948692336,"458
Arora Path
Farrukhabad 884512",Arora Path,Uttar Pradesh
713,Naveen,Minhas,nsahni@example.org,91 9000000275,"H.No. 140
Saxena Street, Narasaraopet-859273",Narasaraopet,Andhra Pradesh
714,Meghana,Chaudhary,bhandaridarika@example.net,9727945020,"H.No. 84, Sant Street, Tumkur-021883",Tumkur,Karnataka
715,Manthan,Khanna,aaravgour@example.net,7679633648,"19/14, Mallick Path, Cuttack-801666",Cuttack,Odisha
716,Chanchal,Shetty,tarak67@example.com,9474814202,"05, Nori Chowk
Bhilwara-544114",Bhilwara,Rajasthan
717,Utkarsh,Golla,vohraekaraj@example.com,9983425538,"60/609, Khurana Nagar
Khandwa 311185",Khurana Nagar,Madhya Pradesh
718,Matthew,Toor,chakradhar34@example.net,9860953578,"H.No. 090
Sarna, Faridabad-635032",Faridabad,Haryana
719,Adweta,Bava,srivastavakamala@example.com,91 9000000276,"49
Parmar Nagar, Gorakhpur-101109",Gorakhpur,Uttar Pradesh
720,Teerth,Nagar,tanveernath@example.net,653569638,"418
Ghose Road, Rajpur Sonarpur-769211",Rajpur Sonarpur,West Bengal
721,Nilima,Lal,divaneshana@example.org,8399144063,"76/25
Palla Nagar
Jalna 700485",Palla Nagar,Maharashtra
722,Charles,Arora,ishwarkari@example.com,91 9000000277,"997
Choudhry Road, Chennai 286959",Choudhry Road,Tamil Nadu
723,Gaurika,Acharya,gbaral@example.org,91 9000000278,"97/71, Pillai Road
Gandhidham-556571",Gandhidham,Gujarat
724,Rajata,Sami,chadhaisaac@example.com,91 9000000279,"642
Thaker Zila, Cuttack 347342",Thaker Zila,Odisha
725,Hamsini,Dass,samarthnaik@example.com,2843165151,"H.No. 260, Rajagopalan Path
Pondicherry-963044",Pondicherry,Puducherry
726,Dev,Ganguly,oscar22@example.org,3094349907,"H.No. 73, Nori Marg, Pudukkottai-898557",Pudukkottai,Tamil Nadu
727,Charvi,Bandi,januja34@example.org,91 9000000280,"61/51, Suri Road
Nangloi Jat-138126",Nangloi Jat,Delhi
728,Balvan,Ratta,lankafariq@example.net,3067668199,"H.No. 177
Bhavsar
Morbi-342611",Morbi,Gujarat
729,Pushti,Mani,bhattigirish@example.org,7427084259,"47/34, Issac Marg
Purnia 379080",Issac Marg,Bihar
730,Yashawini,Tara,wthakkar@example.org,2667034086,"355, Dada Marg, Bhopal 653889",Dada Marg,Madhya Pradesh
731,Ronith,Sathe,tkarnik@example.net,2842740784,"214, Shanker Road, Amravati 146997",Shanker Road,Maharashtra
732,Bhanumati,Bhattacharyya,dayamaidutt@example.com,91 9000000281,"40/499
Shere Zila
Ambarnath-428010",Ambarnath,Maharashtra
733,Udyati,Agarwal,esanghvi@example.com,2117631786,"H.No. 791
Gupta Ganj
Satna 552835",Gupta Ganj,Madhya Pradesh
734,Finn,Sheth,kalitaindali@example.net,91 9000000282,"H.No. 92
Patla Ganj, Nagercoil-461408",Nagercoil,Tamil Nadu
735,Daksh,Sama,varugheseamrita@example.net,8256193174,"H.No. 979, Jhaveri Marg, Anand 142675",Jhaveri Marg,Gujarat
736,George,Puri,godapooja@example.com,5356809337,"62/264, Sarma Ganj
Begusarai-633632",Begusarai,Bihar
737,Dipta,Ramanathan,ekarajpall@example.com,6158860195,"43/67
Shanker Chowk, Dharmavaram 209423",Shanker Chowk,Andhra Pradesh
738,Gaurika,Pingle,finnbhat@example.net,9025926864,"11/109
Devi Marg
Srikakulam 342326",Devi Marg,Andhra Pradesh
739,Manthan,Jayaraman,aarnav86@example.com,91 9000000283,"09/55, Sampath Ganj
Ajmer-464301",Ajmer,Rajasthan
740,Anjali,Mahal,bhardwajupkaar@example.com,3271166428,"H.No. 057
Kapoor Circle
Jodhpur 101517",Kapoor Circle,Rajasthan
741,Naksh,Bobal,eatwal@example.org,697119101,"40, Bal Circle
Malda 722185",Bal Circle,West Bengal
742,Yauvani,Kari,quincy61@example.com,91 9000000284,"90/805, Kothari Street, Ajmer 811449",Kothari Street,Rajasthan
743,Avi,Chacko,lavanyakrishnan@example.com,1171992787,"191, Madan Road
Udupi 834385",Madan Road,Karnataka
744,Forum,Tailor,zachariaurmi@example.com,91 9000000285,"77/689
Sule Nagar
Bathinda-608540",Bathinda,Punjab
745,Urvi,Sinha,dayitagulati@example.org,6703582390,"H.No. 06
Batta Road
Jhansi-635588",Jhansi,Uttar Pradesh
746,Alexander,Loke,samrawaida@example.net,91 9000000286,"44/02, Babu Marg
Kakinada 306661",Babu Marg,Andhra Pradesh
747,Teerth,Sarma,golegarima@example.com,803664161,"H.No. 52
Raghavan Ganj, Guntur 478286",Raghavan Ganj,Andhra Pradesh
748,Guneet,Kalla,dalbirkalita@example.net,245475019,"H.No. 547
Muni Street, Sonipat 464079",Muni Street,Haryana
749,Vansha,Manne,ysahota@example.org,2356054709,"65
Menon
Coimbatore-816198",Coimbatore,Tamil Nadu
750,Ethan,Ravi,vrishtinagy@example.com,6999663,"88
Nigam Road, Shivpuri 903580",Nigam Road,Madhya Pradesh
751,Yasti,Kanda,chanderwridesh@example.org,9323725335,"H.No. 412, Acharya Circle, Tenali-292182",Tenali,Andhra Pradesh
752,Faqid,Jain,cchakrabarti@example.com,991020263,"91
Kannan Zila
Sikar-638874",Sikar,Rajasthan
753,Isaiah,Bhardwaj,yashasvi03@example.com,709458968,"42/345
Chawla Nagar, Jalgaon-702679",Jalgaon,Maharashtra
754,Maanas,Subramaniam,lipikaborde@example.net,2137229909,"H.No. 060
Mohanty
Amaravati 363529",Mohanty,Andhra Pradesh
755,Elijah,Bahl,sethchandran@example.net,7897283899,"84, Luthra Path
Guna 260853",Luthra Path,Madhya Pradesh
756,Ishita,Golla,godamaya@example.com,3253605444,"56/79
Karnik
Madhyamgram-996593",Madhyamgram,West Bengal
757,Falguni,Toor,ylad@example.com,91 9000000287,"98, Rastogi Chowk
Kavali 849756",Rastogi Chowk,Andhra Pradesh
758,Oeshi,Karpe,lallakavya@example.org,3782769658,"033
Venkataraman Ganj
Delhi-475659",Delhi,Delhi
759,Shivansh,Gulati,balarjun@example.org,2621656381,"00/108
Tiwari, Vijayanagaram-727523",Vijayanagaram,Andhra Pradesh
760,Chasmum,Kalita,choprajeevika@example.com,5453888056,"37, Khosla Path, Katihar-458662",Katihar,Bihar
761,Chatura,Warrior,aadi62@example.com,91 9000000288,"11, Chana Chowk
Mathura 078177",Chana Chowk,Uttar Pradesh
762,Jason,D’Alia,tanmayi94@example.net,4593602450,"H.No. 96, Kota Street, Ghaziabad 379374",Kota Street,Uttar Pradesh
763,Rishi,Contractor,ebala@example.org,91 9000000289,"130
Dass Road, Ballia 764700",Dass Road,Uttar Pradesh
764,Pavani,More,vidhi72@example.net,752396467,"02/40, Choudhury Path
Howrah-433140",Howrah,West Bengal
765,Yashica,Bansal,chakradharshankar@example.com,9171687207,"13/44, Bhatti Path
Siliguri 118411",Bhatti Path,West Bengal
766,Yashoda,Vyas,dsharaf@example.net,91 9000000290,"879, Das Path, Jammu 594049",Das Path,Jammu and Kashmir
767,Nathan,Singhal,tanveershroff@example.org,3595025464,"H.No. 49
Kalita Marg
Sirsa 293809",Kalita Marg,Haryana
768,Ishaan,Gopal,deolekantika@example.com,4901173719,"H.No. 69
Mohan Ganj
Pali 586782",Mohan Ganj,Rajasthan
769,Unnati,Sibal,euppal@example.net,91 9000000291,"25/85, Raghavan Circle
Gurgaon-185018",Gurgaon,Haryana
770,Girish,Patil,oandra@example.org,7618778545,"H.No. 373, Chaudhary Path
Vadodara-248878",Vadodara,Gujarat
771,Ikshita,Tandon,qlanka@example.net,1262992264,"861
Devan Path, Udupi 330135",Devan Path,Karnataka
772,Gaurang,Kala,sachdevajack@example.com,1106285443,"H.No. 918
Kata Street, Yamunanagar 772648",Kata Street,Haryana
773,Andrew,Samra,nhayre@example.org,91 9000000292,"02/286, Devi Marg
Mau-132886",Mau,Uttar Pradesh
774,Raksha,Sur,madhavinagy@example.net,629345527,"H.No. 80
Pal, Narasaraopet 717749",Pal,Andhra Pradesh
775,Fiyaz,Kalita,ranbirrajagopal@example.org,8000023738,"89/88, Narayan Road, Dhule-547164",Dhule,Maharashtra
776,Avi,Sachdev,krishnahemang@example.com,7784675768,"049, Pandey Marg, Kalyan-Dombivli-342738",Dombivli,Maharashtra
777,Gayathri,Raghavan,waurora@example.org,91 9000000293,"355
Raja Marg, Guntakal 292358",Raja Marg,Andhra Pradesh
778,Meghana,Devan,doctoraarnav@example.net,91 9000000294,"83/55
Palla Zila
Thanjavur 333998",Palla Zila,Tamil Nadu
779,Tanish,Trivedi,jnatt@example.net,91 9000000295,"277, Narang Path
Bellary-425051",Bellary,Karnataka
780,Wahab,Tara,bhavsarhemal@example.org,6513461544,"28/02, Dora Zila, Kota 327295",Dora Zila,Rajasthan
781,Anay,Sahni,sahotaom@example.org,91 9000000296,"50/20
Grewal Street, Shimoga-280550",Shimoga,Karnataka
782,Balvan,Cheema,ladli45@example.net,91 9000000297,"22/11
Naidu Circle, Nagaon 086347",Naidu Circle,Assam
783,Aashi,Varughese,utalwar@example.net,1104065344,"23/721, Prabhu Chowk
Bhilwara 396915",Prabhu Chowk,Rajasthan
784,Tanveer,Pingle,anthonysharma@example.org,91 9000000298,"489, Reddy Zila, Singrauli-524416",Singrauli,Madhya Pradesh
785,Tanish,Brar,abdul17@example.com,91 9000000299,"H.No. 53
Lall Circle, Thrissur-529551",Thrissur,Kerala
786,Saumya,Om,shajhalak@example.com,3115268979,"H.No. 952, Mammen Chowk
Bikaner-333105",Bikaner,Rajasthan
787,Aadi,Sha,murthysarthak@example.net,1615075601,"H.No. 077, Loyal Zila
Ghaziabad-345317",Ghaziabad,Uttar Pradesh
788,Aashi,Pingle,dharudyati@example.net,91 9000000300,"H.No. 831
Karnik Circle, Thane 384080",Karnik Circle,Maharashtra
789,Garima,Prakash,isha97@example.org,2477398270,"H.No. 45
Krishna Street
Loni 993339",Krishna Street,Uttar Pradesh
790,Varenya,Hayer,chanchalpradhan@example.org,91 9000000301,"02/05, Lalla Ganj, Kamarhati-063381",Kamarhati,West Bengal
791,Aarnav,Lall,yaminijayaraman@example.net,1203042065,"80/372, Sarkar Ganj
Maheshtala 805085",Sarkar Ganj,West Bengal
792,Pranit,Iyer,aarini07@example.org,91 9000000302,"81/169
Sahota, Sangli-Miraj & Kupwad 790906",Sangli,Maharashtra
793,Joshua,Zachariah,dashyashoda@example.org,3117015981,"72/258
Sahota Road, Karaikudi-713505",Karaikudi,Tamil Nadu
794,Ranveer,Lall,kashvi92@example.org,91 9000000303,"632, Dube Road
Vellore-915856",Vellore,Tamil Nadu
795,Ekta,Deshmukh,anirudhvirk@example.org,9423551894,"023
Hans Street, Asansol 962873",Hans Street,West Bengal
796,Mohini,Ahuja,jagvimody@example.com,8927999678,"48/20
Gopal Circle
Bidhannagar-760896",Bidhannagar,West Bengal
797,Vihaan,Chokshi,lekha42@example.net,6244046551,"H.No. 16, Deshpande Zila
Berhampur-877841",Berhampur,Odisha
798,Luke,Narang,jackson05@example.net,9025090536,"H.No. 52, Parmer, Mahbubnagar-200883",Mahbubnagar,Telangana
799,Nathan,Nagy,lajitadutt@example.org,4275957347,"57/50
Chahal Chowk, Anantapur-027520",Anantapur,Andhra Pradesh
800,Abhiram,Palan,abeer47@example.com,91 9000000304,"37/38, Bhandari Nagar, Hajipur 763384",Bhandari Nagar,Bihar
801,Aarush,Kumer,darika56@example.com,1249201978,"H.No. 78, Rout Marg, Sangli-Miraj & Kupwad-468356",Miraj & Kupwad,Maharashtra
802,Jackson,Bakshi,mmaharaj@example.com,8695865766,"H.No. 930
Kala Street
Bally 978816",Kala Street,West Bengal
803,Hritik,Sandal,advik20@example.org,9705035321,"22/212
Apte Street
Morena-839613",Morena,Madhya Pradesh
804,Dayita,Kaur,narasimhanchandran@example.net,8389882966,"H.No. 964, Sarma Chowk, Gandhidham-344138",Gandhidham,Gujarat
805,Hamsini,Vala,ldas@example.org,91 9000000305,"H.No. 66, Naik Street, Dindigul 218155",Naik Street,Tamil Nadu
806,Ekani,Narain,banjeetcheema@example.org,693214261,"397, Dixit, Kakinada-118935",Kakinada,Andhra Pradesh
807,Baljiwan,Keer,kavyaborde@example.org,3534658608,"H.No. 416
Sheth Ganj
Rourkela 043866",Sheth Ganj,Odisha
808,Ronith,Kalita,madhavprabhakar@example.net,91 9000000306,"18/712
Apte Street, Haridwar-783642",Haridwar,Uttarakhand
809,Waida,Deshmukh,hansalexander@example.com,8559479718,"H.No. 738
Dutt Path, Srinagar-772437",Srinagar,Jammu and Kashmir
810,Warhi,Nagarajan,bchakrabarti@example.com,5838628455,"H.No. 762, Golla Path
Motihari 168182",Golla Path,Bihar
811,Wahab,Mody,ishabassi@example.com,91 9000000307,"H.No. 931, Atwal Nagar
Saharsa 728010",Atwal Nagar,Bihar
812,Rajeshri,Gade,urvipant@example.com,2997728884,"06
Sama Circle, Alappuzha-194727",Alappuzha,Kerala
813,Kala,Gopal,shivanikothari@example.org,9298799362,"90/327
Rama Chowk, Thoothukudi 951809",Rama Chowk,Tamil Nadu
814,Sanaya,Mahajan,desailila@example.net,6211175013,"60/285, Raval Ganj, Hazaribagh-437814",Hazaribagh,Jharkhand
815,Priya,Bhatia,semhemang@example.com,91 9000000308,"00, Jayaraman Circle, Ramagundam-002313",Ramagundam,Telangana
816,Nisha,Shan,ldas@example.com,1745619965,"67/44
Mander Street, Danapur 403325",Mander Street,Bihar
817,Avi,Morar,shauryakale@example.org,91 9000000309,"06, Char Circle
Gangtok-927168",Gangtok,Sikkim
818,Vasudha,Lalla,gchander@example.net,91 9000000310,"37/88
Minhas Marg, Karnal 222548",Minhas Marg,Haryana
819,Watika,Rout,isaacparikh@example.com,4421749559,"00/92, Lanka Chowk, Munger-547657",Munger,Bihar
820,Lucky,Dube,devanishani@example.org,6094795565,"51/609, Lanka
Kozhikode-524235",Kozhikode,Kerala
821,Avni,Issac,wyatt50@example.com,91 9000000311,"074
Gill Nagar
Karawal Nagar-328293",Karawal Nagar,Delhi
822,Bhavika,Som,vasatikasundaram@example.org,91 9000000312,"H.No. 81, Bal, Thoothukudi-962263",Thoothukudi,Tamil Nadu
823,Finn,Nair,omkaarnadkarni@example.net,6623095045,"56/968, Goswami Ganj, Buxar 635958",Goswami Ganj,Bihar
824,Nathan,Pal,lakshmibhattacharyya@example.net,9549759083,"H.No. 514, Wagle Road
Tenali-852430",Tenali,Andhra Pradesh
825,Gautam,Sundaram,dev95@example.net,8965968513,"H.No. 413, Koshy Road
Jaunpur-640851",Jaunpur,Uttar Pradesh
826,William,Raj,naveenbutala@example.net,6737050652,"23/51
Kaul Road
Danapur 772360",Kaul Road,Bihar
827,Thomas,Baral,nagicharvi@example.org,9436032366,"87/79, Mandal Ganj
Kanpur 419180",Mandal Ganj,Uttar Pradesh
828,Bhavini,Kanda,agatedaksha@example.net,1853355460,"31, Jhaveri Circle, Kulti 847299",Jhaveri Circle,West Bengal
829,Harrison,Ben,karrushil@example.net,6251327664,"36/298
Saha
Ahmednagar-639268",Ahmednagar,Maharashtra
830,Samar,Bhagat,chawlatamanna@example.com,91 9000000313,"23/232, Varty Zila
Kolhapur 302999",Varty Zila,Maharashtra
831,Chakradev,Barman,maxdesai@example.com,91 9000000314,"H.No. 108
Prasad Zila, Sambalpur 516620",Prasad Zila,Odisha
832,Mahika,Keer,dpalan@example.net,9291357913,"520
Korpal Ganj, Firozabad-224253",Firozabad,Uttar Pradesh
833,Pooja,Lad,prabhakarkashvi@example.net,299042376,"H.No. 936, Toor Zila, Mango 679124",Toor Zila,Jharkhand
834,Zayan,Chaudhry,darika06@example.com,6131604842,"H.No. 06, Seshadri Chowk
Pimpri-Chinchwad 377667",Pimpri,Maharashtra
835,Mugdha,Gera,shravyaprakash@example.net,8849742598,"H.No. 23, Jhaveri Chowk
Asansol-535806",Asansol,West Bengal
836,Priya,Tata,upmakala@example.org,8583542214,"H.No. 38
Wason Ganj, Jorhat-152179",Jorhat,Assam
837,Anika,Shah,ganesanumang@example.net,6626257675,"H.No. 703
Setty Street, Mira-Bhayandar 422394",Mira,Maharashtra
838,Advaith,Sehgal,indirabala@example.net,6131673922,"04/40, Sekhon Circle, Sagar-855443",Sagar,Madhya Pradesh
839,Lohit,Gola,groverhemal@example.com,6514677835,"12/806
Kant Zila, Rajkot 339946",Kant Zila,Gujarat
840,Ishaan,Patel,parikhviraj@example.com,91 9000000315,"163
Sule Ganj, Nashik-115305",Nashik,Maharashtra
841,Vrinda,Gola,trivenibanerjee@example.org,91 9000000316,"253, Dutta Nagar, Gopalpur 582816",Dutta Nagar,West Bengal
842,Pooja,Kanda,divanvasudha@example.org,6654357743,"81/21
Kumar Marg
Kolkata-177151",Kolkata,West Bengal
843,Gauri,Nagarajan,dev80@example.net,3836090728,"167
Kumar Marg, Tiruchirappalli-496118",Tiruchirappalli,Tamil Nadu
844,Parth,Bajwa,wnatarajan@example.net,3814971731,"H.No. 044, Choudhry Road, Chittoor 163653",Choudhry Road,Andhra Pradesh
845,Yash,Apte,yashica61@example.org,91 9000000317,"45
Bassi Path
Maheshtala 209891",Bassi Path,West Bengal
846,Lila,Sankaran,sehgalrajata@example.org,7509161217,"43/38, Rattan Marg, Chandrapur-237815",Chandrapur,Maharashtra
847,Avi,Lanka,mmadan@example.net,8212147135,"719, Karpe Ganj
Gandhidham-140189",Gandhidham,Gujarat
848,Leela,Sundaram,ravalharrison@example.net,9945951231,"609
Bava, Morena-367764",Morena,Madhya Pradesh
849,Noah,Mital,oeshibhargava@example.org,6034449393,"69/303, Maharaj Chowk
Ludhiana 780230",Maharaj Chowk,Punjab
850,Vedhika,Setty,xitidalal@example.org,4481855857,"H.No. 64, Sama Marg, Tinsukia 962546",Sama Marg,Assam
851,Abha,Golla,mohammed63@example.com,6982305804,"68/746
Dubey Nagar, Kurnool-004257",Kurnool,Andhra Pradesh
852,Chatura,Samra,hdasgupta@example.net,7959383856,"20, Kulkarni Path, Warangal-522152",Warangal,Telangana
853,Gautami,Bhandari,chanakyabandi@example.org,9118179914,"10/621, Om Circle, Alappuzha-370784",Alappuzha,Kerala
854,Varenya,Mane,caggarwal@example.com,91 9000000318,"71
Gandhi Road, Jalna 373866",Gandhi Road,Maharashtra
855,Qasim,Soni,fiyazkrishna@example.org,91 9000000319,"21
Naik Street
Sonipat-329888",Sonipat,Haryana
856,Tristan,Vohra,yachanachanda@example.com,91 9000000320,"037
Saini
Kottayam 361790",Saini,Kerala
857,Alexander,Ganesan,isaacbasu@example.net,91 9000000321,"09, Sen Path, Giridih-665013",Giridih,Jharkhand
858,Harita,Ramakrishnan,voradhriti@example.net,2610416966,"155, Nayak Path
Kakinada 330545",Nayak Path,Andhra Pradesh
859,Yamini,Gade,faris89@example.com,625412417,"H.No. 07, Bose Chowk
Silchar-039813",Silchar,Assam
860,Ekalinga,D’Alia,hayerbhavya@example.com,4536819410,"84/61
Sarraf Road
Hapur 043086",Sarraf Road,Uttar Pradesh
861,Ayaan,Pradhan,ddani@example.org,91 9000000322,"01
Trivedi Marg
Dehri-233812",Dehri,Bihar
862,Mohammed,Nayak,cshan@example.com,233987879,"70, Badami Street, Thoothukudi-921906",Thoothukudi,Tamil Nadu
863,Bina,Sarin,nimratchar@example.net,733263988,"810, Khosla
Begusarai-229246",Begusarai,Bihar
864,Neel,Dey,kalpit95@example.com,694385585,"H.No. 490
Rajan Marg, Ratlam-083239",Ratlam,Madhya Pradesh
865,Bhanumati,Bansal,vedakonda@example.com,8739025950,"H.No. 61, Bedi Zila
Machilipatnam 893301",Bedi Zila,Andhra Pradesh
866,Vanya,Nair,idubey@example.com,5113175824,"H.No. 70
Hayre Path
Nellore 800398",Hayre Path,Andhra Pradesh
867,Chasmum,Mall,purohitdavid@example.net,6678232997,"07, Balasubramanian
Indore-103508",Indore,Madhya Pradesh
868,Tanveer,Chandra,tgulati@example.org,91 9000000323,"186
Kari Nagar, Ambarnath-059113",Ambarnath,Maharashtra
869,Zaitra,Mitra,chadamaira@example.net,5536424493,"274, Mital, Gwalior-583604",Gwalior,Madhya Pradesh
870,Charita,Chaudhry,murthyanay@example.net,882713772,"965
Shere Nagar, Hospet-061291",Hospet,Karnataka
871,Yatin,Talwar,ekantaapte@example.com,91 9000000324,"41/002, Samra Zila
Bhiwani-731638",Bhiwani,Haryana
872,Hardik,Malhotra,fpall@example.net,6194807666,"30/61, Comar Marg, Karnal-744717",Karnal,Haryana
873,Tripti,Suri,idikaagrawal@example.org,7662891899,"50/30
Krishnamurthy Path
Moradabad 167545",Krishnamurthy Path,Uttar Pradesh
874,Dayamai,Mani,lakshitbajaj@example.com,8477063247,"H.No. 34
Lala Road, Guna 995905",Lala Road,Madhya Pradesh
875,Daksha,Kaur,mananbhasin@example.com,4950723863,"65/47
Kibe Chowk, Raurkela Industrial Township 220164",Kibe Chowk,Odisha
876,Laban,Pal,apillay@example.com,91 9000000325,"99/234, Sani, Ramgarh-887134",Ramgarh,Jharkhand
877,Hemani,Saraf,prashadsachi@example.com,1247659916,"27/08, Jani Circle, Dhanbad 952039",Jani Circle,Jharkhand
878,Kamya,Bains,qabilnarula@example.net,91 9000000326,"H.No. 31
Khalsa Road, Srinagar-739719",Srinagar,Jammu and Kashmir
879,Oviya,Kapadia,harinakshi04@example.com,91 9000000327,"780
Sachdeva Path, Berhampur-616850",Berhampur,Odisha
880,Krishna,Sankaran,joshilohit@example.org,7737551710,"H.No. 501, Khatri Road
Hospet-247253",Hospet,Karnataka
881,Ekaja,Vig,tanvidey@example.com,9662722064,"600
Nagi Chowk, Anantapuram 735943",Nagi Chowk,Andhra Pradesh
882,Nachiket,Varghese,mohannisha@example.net,4944707490,"77/548
Ramaswamy Chowk
Ichalkaranji 142924",Ramaswamy Chowk,Maharashtra
883,Logan,Nadig,labanshetty@example.com,4259959225,"H.No. 218, Anne Ganj, Malegaon 694964",Anne Ganj,Maharashtra
884,Vansha,Badal,rrattan@example.com,91 9000000328,"H.No. 356, Parikh Nagar, Bhiwani 695773",Parikh Nagar,Haryana
885,Zehaan,Buch,keerbhavna@example.net,5211784989,"18/552, Pandey Ganj, Raurkela Industrial Township 082590",Pandey Ganj,Odisha
886,William,Jha,neel45@example.org,6219617408,"H.No. 146, Chauhan Path, Gorakhpur 662015",Chauhan Path,Uttar Pradesh
887,Mohini,Kapadia,zachariaraagini@example.net,91 9000000329,"H.No. 516
Kalita Marg, Tiruvottiyur 368163",Kalita Marg,Tamil Nadu
888,Jyoti,Chowdhury,nkhatri@example.org,91 9000000330,"189, Dubey Road
Rourkela-235779",Rourkela,Odisha
889,Jhalak,Prasad,fitan21@example.org,91 9000000331,"H.No. 81, Dewan Chowk
Khandwa 249877",Dewan Chowk,Madhya Pradesh
890,Rishi,Patil,samaksh12@example.com,6668300085,"H.No. 584, Issac Circle, Solapur-521363",Solapur,Maharashtra
891,Dev,Jaggi,yashawini36@example.com,2818297482,"H.No. 22
Goyal Nagar
Satara-242886",Satara,Maharashtra
892,Parth,Khalsa,bmandal@example.net,7865452283,"66/040
Batta Chowk
Chennai 315435",Batta Chowk,Tamil Nadu
893,Oeshi,Raj,rauzayyan@example.org,1739572657,"80/718
Lalla Zila, Jhansi-364018",Jhansi,Uttar Pradesh
894,Rachit,Mammen,xaviervarughese@example.org,91 9000000332,"H.No. 21
Baral Ganj
Tadipatri-505383",Tadipatri,Andhra Pradesh
895,Qabil,Pradhan,faqidgill@example.net,6809379570,"69/676
Dalal Ganj, Cuttack-135097",Cuttack,Odisha
896,Christopher,Kalita,jatin77@example.net,8362868963,"H.No. 491, Chana Chowk
Ulhasnagar 383989",Chana Chowk,Maharashtra
897,Yasti,Manda,bbutala@example.net,91 9000000333,"H.No. 13
Mand Street
Patna-639183",Patna,Bihar
898,Kabir,Borra,sathvikkala@example.net,4312526089,"30
Kaul Marg, Rajkot-576525",Rajkot,Gujarat
899,Pratyush,Pillai,cbarad@example.org,91 9000000334,"H.No. 673
Mammen
Anand-095899",Anand,Gujarat
900,Robert,Saraf,tanay30@example.net,2879076724,"61, Purohit Road, Jalandhar 560858",Purohit Road,Punjab
901,Aachal,Rajagopalan,sudikshakonda@example.net,8005304035,"40
Grewal Street, Pondicherry 435865",Grewal Street,Puducherry
902,Brijesh,Sura,bhargavanitesh@example.net,91 9000000335,"49/281, Sengupta
Nagaon 007734",Sengupta,Assam
903,Jeevika,Bobal,bpau@example.org,8635582285,"34, Chanda Zila
Rewa-741631",Rewa,Madhya Pradesh
904,Barkha,Hayer,wmander@example.org,4442449088,"H.No. 342, Salvi Nagar
Srikakulam 441031",Salvi Nagar,Andhra Pradesh
905,Adweta,Loke,oommenmaanas@example.net,91 9000000336,"58/40, Chokshi Chowk, Madanapalle-483280",Madanapalle,Andhra Pradesh
906,Xavier,Kamdar,kamalabedi@example.net,91 9000000337,"H.No. 526
Shankar Ganj
Mathura 748586",Shankar Ganj,Uttar Pradesh
907,Mason,Barad,bbakshi@example.com,7849443992,"H.No. 565
Mangat Circle
Solapur 790280",Mangat Circle,Maharashtra
908,Omkaar,Gulati,meghasani@example.org,91 9000000338,"39/73
Sama, Hospet 124400",Sama,Karnataka
909,Bimala,Parekh,lokeomya@example.net,91 9000000339,"86
Seshadri Nagar
Udupi-142636",Udupi,Karnataka
910,Nakul,Das,timothynagarajan@example.com,7105408119,"96
Dua Ganj
Imphal 517319",Dua Ganj,Manipur
911,Sarthak,Bhatti,mannpanini@example.com,91 9000000340,"02/201, Mani
Anantapuram-859269",Anantapuram,Andhra Pradesh
912,Gopal,Kaur,lchandran@example.net,91 9000000341,"27/791, Kothari Nagar, Sasaram-133780",Sasaram,Bihar
913,Adweta,Raghavan,ryanmitter@example.com,91 9000000342,"24
Bains Chowk, Bareilly-185416",Bareilly,Uttar Pradesh
914,Wriddhish,Salvi,widisha86@example.org,9633472757,"66/77
Mandal Chowk
Morena 467533",Mandal Chowk,Madhya Pradesh
915,Gunbir,Guha,srinivasannihal@example.com,8569122773,"990, Dutt Street
Hajipur 619619",Dutt Street,Bihar
916,Nitesh,Mangal,dakshasarna@example.net,6878634560,"H.No. 619, Shenoy Chowk, Sagar 603954",Shenoy Chowk,Madhya Pradesh
917,Pranav,Raval,kashvithaman@example.net,91 9000000343,"H.No. 058, Rout
Mau-474535",Mau,Uttar Pradesh
918,Harsh,Date,triptibhatt@example.com,4502511709,"87/868, Magar Path
Kurnool-876940",Kurnool,Andhra Pradesh
919,Ishanvi,Kaul,lgokhale@example.net,2662437296,"40/308
Dash Nagar
Bidhannagar 543503",Dash Nagar,West Bengal
920,Bhavna,Naik,udarsh50@example.org,91 9000000344,"78/26
Sengupta, Bokaro 586327",Sengupta,Jharkhand
921,Amaira,Nanda,eta05@example.net,91 9000000345,"59/53
Subramaniam Road, Erode-143548",Erode,Tamil Nadu
922,Rachita,Ahuja,chakradhar02@example.org,4549057312,"34/40
Jani Nagar
Tirunelveli 810165",Jani Nagar,Tamil Nadu
923,Rudra,Nair,mmorar@example.com,3781915787,"00/346
Seshadri Road
Kumbakonam-551302",Kumbakonam,Tamil Nadu
924,Turvi,Chandra,idikakala@example.org,91 9000000346,"092, Rao Marg
Dhanbad-317550",Dhanbad,Jharkhand
925,Shivani,Chaudhry,xgokhale@example.org,91 9000000347,"601, Modi Path
Ghaziabad-706267",Ghaziabad,Uttar Pradesh
926,Brinda,Chad,shettyabhimanyu@example.org,3604378176,"H.No. 013, Bora Road
South Dumdum 369741",Bora Road,West Bengal
927,Aarini,Datta,isaacsrinivas@example.org,6634749539,"H.No. 05
D’Alia Path
Anantapur-685721",Anantapur,Andhra Pradesh
928,Jagrati,Doshi,achauhan@example.net,9911910763,"55/770
Dyal Nagar, Bijapur 678083",Dyal Nagar,Karnataka
929,Forum,Choudhary,fhalder@example.com,5377212262,"226, Guha Ganj
Rourkela-454774",Rourkela,Odisha
930,Bhavani,Sarraf,emitter@example.org,3806157096,"63/30
Nath Chowk, Gulbarga 585526",Nath Chowk,Karnataka
931,Dev,Gade,sanebaljiwan@example.com,4518928328,"97, Chaudhari Zila, Ghaziabad 456695",Chaudhari Zila,Uttar Pradesh
932,Tamanna,Natt,nsengupta@example.net,1061028608,"46
Babu Zila
Gurgaon-824314",Gurgaon,Haryana
933,Reyansh,Mutti,mitterdarika@example.org,91 9000000348,"H.No. 05
Barad Ganj, Mirzapur 824356",Barad Ganj,Uttar Pradesh
934,Bachittar,Mane,amol43@example.com,6341289739,"31/455, Mannan Road
Coimbatore-276311",Coimbatore,Tamil Nadu
935,Idika,Mitter,vritti52@example.com,9818475129,"H.No. 200
Vala Path
Sultan Pur Majra 500063",Vala Path,Delhi
936,Chandani,De,emahal@example.net,91 9000000349,"39/80, Pant Path, Rourkela 266076",Pant Path,Odisha
937,Neha,Hari,npandit@example.com,91 9000000350,"H.No. 596, Sani Chowk
Avadi-298135",Avadi,Tamil Nadu
938,Manbir,Mangal,sshah@example.com,6726595343,"05
Chacko Circle, Raichur 739634",Chacko Circle,Karnataka
939,Kabir,Deol,mraman@example.net,91 9000000351,"92
Talwar
Amroha 657772",Talwar,Uttar Pradesh
940,Tejas,Kulkarni,cchandra@example.com,2659816362,"H.No. 89
Karpe Road
Tiruvottiyur-902965",Tiruvottiyur,Tamil Nadu
941,Yutika,Bali,qmajumdar@example.net,4801892497,"H.No. 96
Thakkar Ganj, Bhavnagar 705441",Thakkar Ganj,Gujarat
942,Champak,Rao,dashdarsh@example.net,3983446841,"H.No. 376
Tiwari Circle
Guntakal 541470",Tiwari Circle,Andhra Pradesh
943,Janya,More,annechanchal@example.com,91 9000000352,"H.No. 03
Dayal Path, Udaipur-541359",Udaipur,Rajasthan
944,Raghav,Pradhan,hiral75@example.com,9317509572,"H.No. 29, Ganesh Chowk
Raipur-572646",Raipur,Chhattisgarh
945,Vyanjana,Dhar,chakradevvala@example.org,7256412151,"H.No. 205, Kalla Path, Bilaspur-340629",Bilaspur,Chhattisgarh
946,Idika,Kumar,ikshita92@example.com,1403006665,"66, Talwar Path, Pudukkottai-487862",Pudukkottai,Tamil Nadu
947,Nikita,Som,praneeldalia@example.com,91 9000000353,"H.No. 62
Walla Circle, Gwalior-176355",Gwalior,Madhya Pradesh
948,Mekhala,Khurana,atisunder@example.org,91 9000000354,"174, Talwar
Bhatpara 795909",Talwar,West Bengal
949,Vansha,Yohannan,anusharaghavan@example.org,1353454209,"H.No. 38, Brahmbhatt Circle, Kirari Suleman Nagar 694922",Brahmbhatt Circle,Delhi
950,Advika,Comar,mroy@example.com,91 9000000355,"H.No. 24
Chakrabarti Road
Chandigarh 799247",Chakrabarti Road,Chandigarh
951,Madhavi,Toor,saxenapratyush@example.net,5341519160,"H.No. 494
Goswami Chowk, Nadiad 087050",Goswami Chowk,Gujarat
952,Aachal,Kothari,ucchal64@example.net,91 9000000356,"H.No. 96
Dave Zila, Rohtak-840136",Rohtak,Haryana
953,Jai,Sethi,bsaini@example.net,4954208390,"31
Sur Path
Gangtok 839747",Sur Path,Sikkim
954,Logan,Murty,watika80@example.net,4073018166,"H.No. 31
Rajagopal Chowk, Bellary 008975",Rajagopal Chowk,Karnataka
955,Warhi,Karnik,qdeep@example.org,2808894292,"29/875
Rastogi Path, Haridwar 482290",Rastogi Path,Uttarakhand
956,Osha,Deo,ranveer27@example.org,5081682444,"72/71
Parmer Zila
Siwan-445189",Siwan,Bihar
957,Arin,Maharaj,balayprisha@example.org,8493807762,"H.No. 602
Chakraborty Street, Loni-243612",Loni,Uttar Pradesh
958,Arunima,Baral,manthan58@example.net,4037873751,"H.No. 348, Prakash Path, Ramagundam-777384",Ramagundam,Telangana
959,Diya,Goswami,manyaarya@example.com,91 9000000357,"112
Chhabra Path
Mangalore-258204",Mangalore,Karnataka
960,Ekansh,Prakash,chakradharpatla@example.org,91 9000000358,"20/305, Singh Road, Bhilwara 482259",Singh Road,Rajasthan
961,Gayathri,Narayanan,majumdardhruv@example.org,1513343942,"10, Sinha Path
Ghaziabad 245065",Sinha Path,Uttar Pradesh
962,Raghav,Chakrabarti,rprabhu@example.com,499638204,"03, Mukhopadhyay Road, Jammu-357081",Jammu,Jammu and Kashmir
963,Girindra,Chahal,babuyashica@example.com,91 9000000359,"94, Mistry Marg
Gandhinagar 580883",Mistry Marg,Gujarat
964,Jai,Chakrabarti,bhavsarpraneel@example.org,8525212811,"H.No. 133
Khanna Road
Chapra-722839",Chapra,Bihar
965,Triveni,Ram,chaudharirohan@example.org,5151410045,"72, Wason Chowk, Begusarai-004493",Begusarai,Bihar
966,Reyansh,Rattan,ati16@example.org,1244912692,"58/896
Patil Circle
Chapra 316326",Patil Circle,Bihar
967,Kalpit,Mukhopadhyay,cdhawan@example.com,3272868378,"568
Rege Marg
Saharanpur 810373",Rege Marg,Uttar Pradesh
968,Peter,Kumar,leena17@example.net,91 9000000360,"H.No. 785
Munshi Nagar
Durgapur-732304",Durgapur,West Bengal
969,Wakeeta,Merchant,chamanchoudhry@example.net,3902252745,"H.No. 280, Kota Path, Phagwara 014825",Kota Path,Punjab
970,Jairaj,Sane,leenawalla@example.org,91 9000000361,"657
Raghavan Ganj, Rewa-607809",Rewa,Madhya Pradesh
971,Neel,Morar,sabharwalurmi@example.com,6030644307,"941, Varghese Nagar, Nellore-796650",Nellore,Andhra Pradesh
972,Wazir,Ramesh,rayjacob@example.net,91 9000000362,"18, Gala Circle
Loni 619276",Gala Circle,Uttar Pradesh
973,Zaid,Sheth,emurthy@example.org,4302749781,"H.No. 03, Dhingra Ganj
Haldia 418068",Dhingra Ganj,West Bengal
974,Reva,Anne,jkonda@example.net,91 9000000363,"H.No. 657, Sabharwal, Sikar-756140",Sikar,Rajasthan
975,Sanaya,Sood,leenanayak@example.com,9763455851,"H.No. 819, Doctor, Bijapur 188813",Doctor,Karnataka
976,Ishani,Karpe,daksha85@example.org,91 9000000364,"596
Rastogi Street
Proddatur 875563",Rastogi Street,Andhra Pradesh
977,Alexander,Dada,akota@example.net,91 9000000365,"61/985
Manne Circle, Ambarnath 612132",Manne Circle,Maharashtra
978,Unni,Mahal,saihegde@example.net,3010022468,"H.No. 75, Bhasin Street
Siwan-818190",Siwan,Bihar
979,Harshil,Dass,sureshdeepa@example.org,4460819381,"H.No. 183
Ravel Circle
Miryalaguda-094673",Miryalaguda,Telangana
980,Yashvi,Patel,yuvrajkapadia@example.org,5512441129,"91/278
Uppal Nagar, Ghaziabad 109903",Uppal Nagar,Uttar Pradesh
981,Chanchal,Buch,raufitan@example.org,6281978517,"H.No. 856, Sarma Path
Raebareli-562592",Raebareli,Uttar Pradesh
982,Vivaan,Kaur,tanveerkohli@example.com,9154497093,"46
Sarna Road
Shimoga-838625",Shimoga,Karnataka
983,Yashawini,Handa,sehgalfalguni@example.org,6869449225,"H.No. 54
Mall Street, Kharagpur 031854",Mall Street,West Bengal
984,Devansh,Kara,yaminidhawan@example.net,91 9000000366,"70/146, Kohli, Bhilai-880322",Bhilai,Chhattisgarh
985,Daksha,Wable,issacbalvan@example.net,2055113283,"55/71
Parmar Zila, Rajpur Sonarpur 417246",Parmar Zila,West Bengal
986,Pallavi,Raman,nidhiravi@example.com,91 9000000367,"69/250
Chhabra Marg
Jamnagar 920479",Chhabra Marg,Gujarat
987,Jackson,Bal,buchmanthan@example.org,5528164515,"03/61, Dube Path
Bokaro-336613",Bokaro,Jharkhand
988,Veer,Som,hkar@example.com,3613738705,"H.No. 28
Sha Chowk
Cuttack-527559",Cuttack,Odisha
989,Hema,Dave,dattawahab@example.net,2623181533,"H.No. 372, Brar Road
Yamunanagar-534314",Yamunanagar,Haryana
990,Raagini,Bava,liam89@example.net,3156431353,"86
Krishnan Ganj, Chandrapur-929886",Chandrapur,Maharashtra
991,Simon,Aggarwal,kaulgunbir@example.net,5829712785,"24
Cheema Marg, Kishanganj-346596",Kishanganj,Bihar
992,Vyanjana,Mistry,qasim88@example.org,91 9000000368,"85/70
Vora Street, Sangli-Miraj & Kupwad 966620",Sangli,Maharashtra
993,Ikshita,Dhar,jagat79@example.com,3856345153,"42/00, Dara Zila, Berhampore 602610",Dara Zila,West Bengal
994,Jeevika,Bhatti,praman@example.org,8138052291,"H.No. 050
Pillai Ganj, Dhule 841158",Pillai Ganj,Maharashtra
995,Gaurav,Chacko,hsengupta@example.net,3340828919,"089, Gala Road
Rourkela 783931",Gala Road,Odisha
996,Aryan,Morar,rachit51@example.net,91 9000000369,"H.No. 77, Raj Path, Korba 946470",Raj Path,Chhattisgarh
997,Odika,Kulkarni,akshay36@example.com,9096300484,"92/156, Gill Chowk, Rohtak 408545",Gill Chowk,Haryana
998,Jatin,Rajagopal,darfaraj@example.net,1735442617,"H.No. 82, Salvi Circle, Bihar Sharif-054681",Bihar Sharif,Bihar
999,Bhanumati,Srinivasan,roygeetika@example.org,91 9000000370,"26/95
Viswanathan Chowk, Bellary-586585",Bellary,Karnataka
1000,Bhavika,Lall,ramanathananika@example.org,8656745914,"52/78
Chada Nagar, Warangal-203390",Warangal,Telangana
